group,paper,arxiv_id,year,venue,method,upside,method_downside,memory,quality,accepted_tokens,speed,llama_results,datasets,code,verified
1a,Speculative Decoding (Leviathan),2211.17192,2022,ICML 2023 (oral),Small AR drafter proposes gamma tokens; target scores them in one pass; modified rejection sampling,"Target verifies gamma tokens in one memory-bound pass, so latency drops with no change to the output distribution","Separate drafter runs gamma sequential passes and keeps its own KV cache; drafter must share the target tokenizer; rejected tokens waste target FLOPs (more total arithmetic, stated), which hurts once compute-bound",Separate drafter (T5-small 77M / base 250M / large 800M for T5-XXL 11B) + its KV cache,lossless,not reported as tau; alpha 0.75-0.82 (T=0) / 0.62-0.71 (T=1) EnDe T5-XXL by drafter; CNN/DM 0.53-0.74; LaMDA 137B 0.57-0.75,"T5-XXL, 1 TPU-v4, bs1: EnDe 3.4x T=0 / 2.6x T=1 (T5-small, gamma 7); CNN/DM 3.1x / 2.3x (T5-small, gamma 5)",none,"WMT EnDe, CNN/DM (T5); lm1b (GPT-like 97M); LaMDA 137B dialog (alpha only)",none official,F
1a,"Speculative Sampling (Chen, DeepMind)",2302.01318,2023,arXiv,Independent derivation of lossless speculative sampling with a separately trained drafter,Same draft-then-verify gain; works for greedy and nucleus sampling,"Drafter is a separate 4B model (8 layers, d=6144) trained for the target with the same tokenizer, with its own weights and KV; drafting is sequential so drafter latency grows with K; efficiency per step drops as K grows (stated)","4B drafter (~8 GB bf16, est.) + its KV cache; served on its own 16 TPU v4",lossless (within hardware numerics); XSum ROUGE-2 0.156 vs 0.157 greedy; HumanEval 47.0% vs 45.1% nucleus,not reported,"Chinchilla 70B, 16 TPU v4, bs1, K=4: XSum 2.01x greedy, 1.92x nucleus; HumanEval 2.46x nucleus (14.1 -> 5.73 ms/token)",none,"XSum, HumanEval",none,F
1a,DistillSpec,2310.08461,2023,ICLR 2024,KD of drafter on on-policy (drafter-generated) data with divergence chosen per task (FKL/RKL/JSD/TVD),"Aligns drafter to target distribution where drafter actually samples, raising block efficiency","Training needs target logits for every drafter-generated token (target forward in the training loop); best divergence is task/decoding dependent, so per-setting tuning; drafter stays a separate model + KV",Separate drafter (T5-Small 77M for T5-XL 3B; 33M for 234M decoder) + its KV,lossless (lossy-SD variant: XSum Rouge2 23.1 -> 23.0),"block efficiency (T5-Small -> T5-XL, greedy, gamma 7): XSum 2.68 -> 3.31; GSM8K 3.27 -> 4.14; CNN/DM 3.85 -> 4.83","+10-45% over standard SD; e.g. CNN/DM greedy 2.07x -> 2.53x vs AR (T5-Small/T5-XL, TPUv4, bs1); lossy SD 6-10x latency cut",none (paper has no LLaMA/Vicuna),"XSum, CNN/DM, WMT EnDe, GSM8K, LM1B, BigBenchHard (transfer)",none found,F
1a,Online SD (OSD),2310.07177,2023,ICML 2024,Continually distill the drafter on live query traffic using verification results (rejected tokens),"Drafter tracks the actual query distribution, raising acceptance without offline data collection","Online training runs on serving GPUs (gradients, optimizer state, target logits buffer) and assumes idle compute; drafter weights change during serving, so behavior drifts and replicas can diverge; separate drafter + KV","LLaMA-160M drafter + its KV + training state (grads, optimizer) on serving GPU (est.)",lossless,not reported as tau; token acceptance rate +0.1 to +0.65 (e.g. Spider 0.44 -> 0.76 per overview),1.42-2.17x latency reduction (ICML/arXiv v4 abstract); hardware not captured,Vicuna-7B target with LLaMA-160M drafter among pairs; per-model numbers not captured,"Spider, GSM8K, Code-Search-Python, Alpaca-finance; T5 experiments",https://github.com/LiuXiaoxuanPKU/OSD,X
1a,Direct Alignment / TVD++ (Qualcomm),2403.00858,2024,arXiv,"Pretrain 115M drafter, build distillation set from target generations, fine-tune with TVD++ loss",Small dedicated drafter aligned to a chat-tuned target via a variance-reduced TV objective,"Drafter must be pretrained from scratch with target tokenizer (600B tokens, 32 A100) plus target-generated distillation data; separate model + KV; fine-tuned drafter loses to base drafter on OOD tasks (WMT18 DeEn, stated)","115M drafter (4 layers, d=1024) + its KV",lossless,"block efficiency up to 2.3 (gamma=3, Llama 2 Chat 7B); CNN/DM 2.29 -> 2.4","up to 2.4x vs AR, reported as MBSU (memory-bound speedup), not wall-clock","Llama 2 Chat 7B: block eff. up to 2.3, up to 2.4x MBSU","Dolly-15k, XSum, CNN/DM",none found,F
1a,AdaSPEC,2510.19779,2025,"NeurIPS 2025 (spotlight, per repo)","Selective KD: train a reference drafter, then distill only on top-k% tokens by loss gap (default k=0.4)","Drafter spends its small capacity on tokens it can match, raising acceptance","Needs an extra reference-model distillation run (two-phase training); drafter is trained on only ~40% of tokens, so it is deliberately weak on hard tokens; separate drafter + KV","Separate drafter (Pythia-31M, CodeGen-350M, Qwen2.5-0.5B) + KV; reference model is training-only",lossless,"not reported as tau; acceptance rate e.g. GSM8K 62.6% vs 57.6% (Pythia 31M->1.4B), MBPP 65.1% vs 49.9% (optimal)","Pythia-31M->1.4B, A100, vLLM: MBPP 181.7 vs 149.2 tok/s (+22%), CNN/DM +14%, GSM8K +6% over DistillSpec","EAGLE integration, Vicuna-7B-v1.3 MT-Bench: 63.48 -> 68.21 tok/s, acceptance 75.3% -> 76.3%","GSM8K, Alpaca, MBPP, CNN/DM, XSum; MT-Bench (EAGLE integration)",https://github.com/yuezhouhu/adaspec,F
1a,Scaling Laws for SD (Scylla),2505.07858,2025,arXiv,"Log-linear laws for acceptance vs drafter pretraining tokens, capacity and batch; builds multi-layer EAGLE-style Scylla drafter",Pretraining the drafter on ~10B tokens and adding layers raises acceptance well above EAGLE-2,"Bigger multi-layer drafter (up to 5 layers) costs more per draft step; needs ~10B-token drafter pretraining; EAGLE-style, so tied to target features and retrained per target",138M / 275M / 413M drafter (1/2/5 layers) + its KV,lossless,"mean tau 6.32 (MT-Bench 6.45) vs EAGLE-2 3.94 (Vicuna-7B, T=0); Qwen2.5-7B 5.28 vs 4.05 (T=0)","Qwen2.5-72B, 4x H800: bs1 250 vs 200 tok/s EAGLE-2 (AR 60); bs64 2150 vs 980 tok/s (AR 1763)","mean tau T=0: Vicuna-7B 6.32; Llama2-Chat-70B 5.60 (EAGLE-2 4.17); Llama3-Instruct-8B 5.36 (EAGLE-2 4.18); T=1: L2-70B 5.54, L3-8B 4.97","MT-Bench, HumanEval, GSM8K, Alpaca, CNN/DM, Natural Questions","none found (""released later"")",F
1b,Medusa,2401.10774,2024,ICML 2024,"K extra FFN heads on last hidden state predict t+2..t+K+1 independently; tree attention; Medusa-1 frozen, Medusa-2 joint",No separate model or KV; heads reuse target features and train cheaply (5 h on A100 for 7B),"Heads predict each offset independently, so later heads ignore earlier choices and acceptance decays with depth; each head has its own vocab-size projection; Medusa-2 changes backbone weights and typical acceptance is lossy","not reported; each head = d x d ResBlock + d x V head, ~0.15B per head at 7B, ~0.74B for 5 heads (est.)","lossless for Medusa-1 greedy; Medusa-2 / typical acceptance lossy: MT-Bench delta -0.14 (V13B) to +0.05 (V33B), Zephyr -0.07","acceleration rate 3.47 (Vicuna-7B), 3.51 (13B), 3.01 (33B), 3.14 (Zephyr-7B), Medusa-2","Medusa-1 2.18x, Medusa-2 2.83x (Vicuna-7B, A100-80GB, bs1, MT-Bench); Zephyr-7B M2 2.66x","Vicuna-7B M1 2.18x, M2 2.83x; Vicuna-13B M1 2.33x, M2 2.83x; Vicuna-33B M2 2.35x (MT-Bench, bs1)","MT-Bench (train: ShareGPT, UltraChat self-distill)",https://github.com/FasterDecoding/Medusa,F
1b,Hydra / Hydra++,2402.05109,2024,COLM 2024,"Draft heads conditioned on previously drafted tokens; Hydra++ adds 4-layer MLP heads, extra decoder layer, teacher distillation","Sequential dependency fixes Medusa's independent-head problem, raising acceptance ~20%","Heads run sequentially (one call per draft position; Hydra++ heads 0.6-1.4 ms each vs Medusa 0.3 ms), so drafting latency grows with depth; Hydra++ prefix attention layer adds its own KV cache; retrained per target","not reported; larger than Medusa heads (4-layer MLP per head + 1 decoder layer ~0.2B at 7B, est.)",lossless (greedy); typical sampling eps=0.15 matches base quality (stated),"Hydra++ tau 3.70 (Vicuna-7B), 3.72 (13B), 3.62 (33B), MT-Bench greedy","Hydra++ 2.70x vs AR, 1.27x vs Medusa (Vicuna-7B, A100-40GB, bs1, MT-Bench); SpecBench avg 2.17x vs Medusa 1.75x; gap to Medusa shrinks at bs8 (fig.)","Hydra++ Vicuna-7B 2.70x/tau 3.70; 13B 2.50x/3.72; 33B 2.53x/3.62 (MT-Bench, bs1)","MT-Bench; SpecBench (MT chat, translation, summarization, QA, math, RAG)",https://github.com/zankner/hydra,F
1b,EAGLE,2401.15077,2024,ICML 2024,One-layer AR drafter over target second-to-top features plus token shifted one step; static tree,"Drafter reads target features, so one small layer suffices; feature-level AR resolves sampling uncertainty","Needs target hidden states each round, so drafting cannot start before verification ends; drafter has its own (1-layer) KV cache; retrained per target (and per fine-tune)",0.24B / 0.37B / 0.56B / 0.99B drafter for 7B/13B/33B/70B (0.28B Mixtral) + 1-layer KV,lossless,"tau 3.98 (Vicuna-13B, T=0, MT-Bench), 3.20 at T=1; 3.81 (LLaMA2-Chat-70B, T=0)","~2.8-3.0x MT-Bench T=0 bs1 (figure); HumanEval 3.33-3.76x; throughput 1.97x (Vicuna-7B, bs8, RTX 3090), 1.99x (L2-70B, bs5, 4x A100-40G)","MT-Bench T=0 tau: V7B 3.94, V13B 3.98, V33B 3.68, L2-7B 3.62, L2-13B 3.90, L2-70B 3.81; HumanEval L2-70B 3.52x/4.42, L2-13B 3.76x/4.52","MT-Bench, HumanEval, GSM8K, Alpaca",https://github.com/SafeAILab/EAGLE,F
1b,EAGLE-2,2406.16858,2024,EMNLP 2024,Context-aware dynamic draft tree using drafter confidence as acceptance proxy; reranking; reuses EAGLE drafter,Spends draft budget where acceptance is likely; no retraining over EAGLE,"Relies on drafter being well calibrated (stated); tree shape changes per step, which breaks static CUDA graphs and batching; still needs target features and per-target drafter","same as EAGLE (reuses EAGLE drafter, 0.24B for 7B) + 1-layer KV",lossless,"tau 4.83 MT-Bench, mean 4.65 (Vicuna-13B, T=0); mean 4.40 at T=1","4.26x MT-Bench, 4.04x mean (Vicuna-13B, T=0, bs1); 3.80x mean at T=1; hardware not stated","T=0 MT-Bench: Vicuna-13B 4.26x/tau 4.83; L2-Chat-70B 3.51x/4.48; L3-8B 3.46x/4.53; L3-70B 3.29x/4.16; mean: L2-7B 3.43x/4.64, L2-13B 4.10x/4.68","MT-Bench, HumanEval, GSM8K, Alpaca, CNN/DM, Natural Questions",https://github.com/SafeAILab/EAGLE,F
1b,EAGLE-3,2503.01840,2025,NeurIPS 2025 (per repo),"Direct token prediction (no feature loss), fused low/mid/high target features, training-time test",Fused multi-layer features plus training on its own outputs let acceptance keep scaling with training data,"Needs low/mid/high hidden states from the target each round, so drafter is tied to target internals and retrained per target; training-time test multiplies training cost; gain collapses at batch ~56 as verification becomes compute-bound","not reported; ~0.4B for 8B target (1 decoder layer + 3d->d fusion FC + 32k draft-vocab head, est.) + 1-layer KV",lossless,"tau 6.65 (Vicuna-13B), 6.13 (LLaMA-3.1-8B), 5.63 (L3.3-70B), T=0; mean 5.99 T=0, 4.90 T=1","5.58x (Vicuna-13B, bs1, T=0); vLLM 1.75x bs2 -> 1.01x bs56 (chain 2, no tree)","T=0: Vicuna-13B 5.58x, LLaMA-3.1-8B 4.40x, LLaMA-3.3-70B 4.11x, R1-Distill-LLaMA-8B 4.05x; T=1 3.07x (L3.1-8B)","MT-Bench, HumanEval, GSM8K, Alpaca, CNN/DM",https://github.com/SafeAILab/EAGLE,F
1b,HASS,2408.15766,2024,ICLR 2025,Top-K ranking distillation plus multi-step context alignment (train on drafter's own features) over EAGLE-2,"Drafter sees its own features in training, reducing train/inference mismatch at no inference cost",Multi-step (n=3) alignment costs n times EAGLE training (stated); needs target top-K logits during training; inherits EAGLE-2 per-target drafter and target-feature dependency,"same as EAGLE-2 drafter (~0.24B for 7B, est.) + 1-layer KV",lossless,"tau 5.08 (LLaMA3-Instruct-8B, T=0); 5.58 (LLaMA2-Chat-13B, T=0)","4.05x (LLaMA3-Instruct-70B, H800, bs1, T=0, mean of 3 sets); T=1 3.85x",T=0: L2-Chat-7B 3.24x/tau 5.15; L2-13B 3.65x/5.58; L3-8B 3.09x/5.08; L3-70B 4.05x/5.21 (EAGLE-2 3.37x/4.50),"MT-Bench, HumanEval, GSM8K (README DeepSeek runs add Alpaca, QA, Summarization)",https://github.com/HArmonizedSS/HASS,F
1b,GRIFFIN,2502.11018,2025,NeurIPS 2025 (per repo),Token-alignable training (mask misaligned tokens) plus draft model with token-guided fusion and token-enhanced head,"Fixes feature/token misalignment between training and decoding, lengthening accepted drafts","Larger drafter than EAGLE (TGF expanded to 11008, dual heads); multi-step training (150-600 A100-h vs HASS 130-500); masking removes loss signal on misaligned (hard) tokens",0.41B / 0.42B / 0.65B / 2.07B drafter for 7B/8B/13B/70B + its KV,lossless,"tau 5.38 mean / 4.85 MT-Bench (LLaMA3-Instruct-8B, T=0); 5.20 mean at T=1","3.35x mean (LLaMA3-8B, A100 80G, bs1, T=0); vLLM chain-2: 1.52x bs2 -> 1.25x bs16; README claims up to 4.2x","T=0 mean: L2-7B 3.28x/tau 5.44; L2-13B 3.74x/5.70; L3-8B 3.35x/5.38; Vicuna-7B 4.23x/5.76 (HASS 4.03x/5.47); L3-70B 3.52x/4.66 (NeurIPS ver., 2 GPUs)","MT-Bench, HumanEval, GSM8K (also Qwen2-7B, Mixtral-8x7B in NeurIPS ver.)",https://github.com/hsj576/GRIFFIN,F
1b,Falcon,2412.12639,2024,AAAI 2025,Semi-AR drafter (k tokens per pass) with coupled sequential glancing distillation; custom decoding tree,Fewer drafter passes per draft block than a pure AR drafter,"Tokens inside a block are predicted without seeing each other, lowering acceptance (stated; CSGD only partly fixes it); ~2-layer drafter heavier than EAGLE's; needs target features, retrained per target","not reported as count; drafter 'comparable to two Transformer layers' (2 LSTM + attention + MLP), ~0.4B for 7B (est.) + KV",lossless,"tau 3.34 / 3.88 / 3.70 (Vicuna-7B, MT-Bench/HumanEval/GSM8K, T=0)","2.91-3.51x (H800, bs1, T=0 only); 1.01-1.24x over EAGLE",T=0 MT-Bench: Vicuna-7B 3.10x/3.34; V13B 2.97x/3.37; L2-Chat-7B 2.94x/2.82; L2-13B 3.11x/2.95 (HumanEval up to 3.51x),"MT-Bench, HumanEval, GSM8K",https://github.com/Bestpay-inc/Falcon,F
1b,ReDrafter (Apple),2403.09919,2024,arXiv,RNN drafter conditioned on target hidden states; beam search drafting; dynamic tree attention dedups prefixes; KD from target,Tiny recurrent drafter is cheap per step and runs on-device (MLX),"Beam search (width up to 45) multiplies drafter and verification work, which hurts at batch>1; needs target hidden states; non-greedy implementation may not match the distribution exactly (README)","not reported (one-layer RNN + few MLP layers drafter, + per-beam state)",lossless (stated); README notes T>0 implementation may not match distribution,"tau 4.20 (Vicuna-7B), 4.21 (13B), 3.87 (33B), MT-Bench greedy","2.80x (Vicuna-7B/13B, H100, PyTorch, bs1, greedy); MLX up to 2.3x M2 Ultra, 1.37x M1 Max; bs80 BW2 ~1636 tok/s total (H100, 7B)",MT-Bench: Vicuna-7B 2.80x/tau 4.20; 13B 2.80x/4.21; 33B 2.61x/3.87 (EAGLE 2.69/2.74/2.80x); AlpacaEval 7B 2.69x/4.06,"MT-Bench, AlpacaEval",https://github.com/apple/ml-recurrent-drafter,F
1c,GTO,2509.22134,2025,ICLR 2026 (per mlanthology/papernotes),Sampling-free draft-tree reward plus group-based policy optimization of the drafter,"Training objective matches tree decoding, so drafter optimizes accepted length of the tree, not per-token loss","Training builds and evaluates grouped draft trees (two phases, 200-900 GPU-h, stated); reward is tied to one tree policy; starts from an EAGLE-3 drafter, so inherits its target-feature dependency and per-target retraining",same as EAGLE-3 drafter (initialized from it); no extra inference memory,lossless,"tau 6.52 (LLaMA-3.1-8B, T=0) vs EAGLE-3 6.07","3.73x (LLaMA-3.1-8B, A100 80GB, bs1, T=0) vs EAGLE-3 3.46x; T=1 2.89x",T=0: L3.1-8B 3.73x/tau 6.52; L3.3-70B 4.22x/6.14; R1-Distill-L8B 3.89x/6.37; Vicuna-13B 5.61x/7.29,"MT-Bench, HumanEval, GSM8K",https://github.com/hsj576/GTO,F
1c,LK Losses (Nebius),2602.23881,2026,ICML 2026,"Hybrid KL + total-variation loss with adaptive schedule, directly optimizing acceptance rate","Loss targets acceptance itself, helping low-capacity drafters most; drop-in for any drafter type","TV term needs the full target distribution per training token; objective models chain sampling, not tree verification; fixed per-head aggregation and scheduler hyperparameters (stated)","none beyond the drafter it trains (EAGLE-3, Medusa, MLP speculator, MTP)",lossless,"tau 3.84 vs 3.75 KL (LLaMA-3.1-8B EAGLE-3, T=0, MT-Bench, chain); 3.48 vs 3.39 at T=1","2.62x MT-Bench, 3.35x HumanEval (LLaMA-3.1-8B EAGLE-3, vLLM 0.11, bs1, T=0); hardware not stated","LLaMA-3.1-8B EAGLE-3: tau 3.84 (T=0), 2.62x MT-Bench; MLP speculator HumanEval tau 2.42 -> 2.83; LLaMA-3.3-70B EAGLE-3 mean tau 4.81 T=0 (+0.5%), 4.66 T=1 (+3.5%)","MT-Bench, HumanEval, GSM8K",none found (weights/data on HF: nebius),F
1c,Draft-OPD,2605.29343,2026,arXiv,"On-policy distillation with target-assisted rollouts, error-position replay, acceptance-aware loss weighting","Drafter trains on its own rollouts, closing exposure bias at deep positions","Training needs the target in the loop for rollouts (verl RL stack, ~120 H200 GPU-h for Qwen3-4B); per-target retraining; main recipe is on a DFlash block drafter, so inherits its target-feature dependency","not reported as count; 5-layer drafter for 4B/8B targets (8 layers for 30B), same as base drafter",lossless,"tau 5.96 (Qwen3-4B, T=0 thinking); 5.73 (Qwen3-8B); 5.13/5.05 at T=0.6","mean 4.86x (Qwen3-4B, T=0 thinking), 4.89x (Qwen3-8B); H200, bs1",none,"GSM8K, MATH-500, AIME25, MBPP, HumanEval, SWE-Lite, MT-Bench",https://github.com/bingyang-lei/Draft-OPD,F
1c,VAT (NAVER),2608.30135,2026,arXiv,Simulate target verification at each training step; accept/reject patterns supervise via verification head and per-position weights,"Drafter learns where verification actually rejects, raising accepted length at no inference cost","Supervision comes from simulated verification against the target's outputs, so the drafter is tied to that target and acceptance rule and retrained per target; inherits base drafter's target-feature dependency",none beyond base drafter (EAGLE-3 or DFlash); verification head training-only,lossless,"tau 6.78 vs 6.28 (Qwen3-4B EAGLE-3, T=0); DFlash 6.08 vs 5.73","4.39x vs 4.07x (Qwen3-4B EAGLE-3, A100 80GB, bf16, HF Transformers, T=0); DFlash 4.81x vs 4.54x","LLaMA-3.1-8B T=0: EAGLE-3 tau 5.66 -> 5.81, 3.84x -> 3.97x; DFlash tau 5.39 -> 5.59, 4.19x -> 4.34x","GSM8K, MATH-500, AIME25, HumanEval, MBPP, LiveCodeBench, MT-Bench, Alpaca",https://github.com/naver-ai/VAT,F
1c,OnlineSPEC,2603.12617,2026,ICML 2026,"Online learning (dynamic regret) evolves drafters from verification feedback; Ens-EAGLE(-3), Opt-Hydra, Online-LR",Drafter adapts to live traffic with a regret bound linked to speedup,Ens-EAGLE keeps N drafter copies (N=3 in experiments) with different learning rates (memory xN); online updates need training compute and the drafter drifts during serving; Online-LR variant is step-level and lossy,Ens: 3 drafter copies + optimizer state (not quantified); Opt-Hydra: Hydra heads + momentum state,lossless (token-level variants); Online-LR lossy (Qwen3-8B MMLU 84.52% vs target 83.81%),"tau 2.70 (Opt-Hydra, Vicuna-7B, Alpaca-finance); 2.94 (Llama-2-7B-Chat, GSM8K); 2.01 (Ens-EAGLE, Vicuna-7B, GSM8K)","vs vanilla SD (not AR): Opt-Hydra 1.18-1.55x (Vicuna-7B), 1.61-2.03x (Llama-2-7B-Chat); 4x A800 80GB","vs vanilla SD: Vicuna-7B Opt-Hydra 1.55x/2.70, Ens-EAGLE 1.41x/2.01, Ens-EAGLE-3 1.27x/2.07; Llama-2-7B-Chat Opt-Hydra 2.03x/3.28 (Spider), Ens-EAGLE 1.61x/1.82","GSM8K, MATH, MMLU (math subset), Code-Search-Python, Spider, MBPP, Alpaca-finance",https://github.com/ZinYY/OnlineSPEC,F
1c,EDA,2603.09527,2026,not stated,Drafter split into frozen shared and trainable private MoE experts; regenerate data with fine-tuned target; select high-value samples,Re-aligns a drafter to a fine-tuned target with 27.5% of params and ~61% of retrain cost,MoE drafter (shared + private experts + router) is larger than a plain EAGLE drafter; still needs the fine-tuned target to regenerate data and retrain the private part per fine-tune,"~462 MB drafter params (full retrain), 127 MB trainable private part (27.5%)",lossless,"tau 5.19 vs 4.69 full FT (Qwen2.5-Math-7B, T=0); 5.18 vs 4.59 (Coder-7B); 4.21 vs 3.89 (Meditron3-Qwen2.5-7B)","3.27x vs 3.07x full FT (Math-7B, T=0); Coder 3.11x vs 2.76x; 4x H200 stated (other extract gave 3.06x; numbers conflict)",none,"Math: GSM8K, AIME24, SVAMP, MATH, MathQA; Code: HumanEval(+), APPS, BigCodeBench, MBPP; Medical: MedMCQA, MedQA, PubMedQA, MMLU-clinical (repo)",https://github.com/Lyn-Lucy/Efficient-Draft-Adaptation,X
2a,Draft & Verify,2309.08168,2023,ACL 2024,Draft by skipping ~half of target layers (attn+MLP set found by Bayesian optimization); full model verifies,No extra model or training; draft shares weights and KV with target,"Draft still runs ~50% of target depth per token, capping speedup; skip set searched offline per model (BO, 1000 iters, ~2.5 h 13B, ~6 h 70B) and static, so it degrades under task shift",none (shared weights and KV; authors: no extra memory),lossless (ROUGE-2 0.108 vs 0.106 LLaMA-2-13B CNN/DM; Pass@1 0.317 vs 0.311 CodeLLaMA-13B),"acceptance ~0.92 (LLaMA-2-13B CNN/DM, greedy), 0.85-0.92 across LLaMA-2; tau not reported","1.22-1.99x (A100 40/80GB, HF transformers 4.33, bs1, greedy; T=0.2/0.6 sampling also tested); best 1.99x LLaMA-2-70B CNN/DM","LLaMA-2-13B 1.57x CNN/DM, 1.43x XSum; 13B-Chat 1.41x/1.22x; 70B 1.99x/1.60x; CodeLLaMA-13B 1.46x HumanEval","CNN/DM, XSum, HumanEval (GSM8K, MT-Bench in later version)",https://github.com/dilab-zju/self-speculative-decoding,F
2a,LayerSkip,2404.16710,2024,ACL 2024,"Train with layer dropout + shared early-exit loss; early layers draft, remaining layers verify","Draft and verifier share weights, LM head and KV cache, so no auxiliary model",Needs layer-dropout/early-exit (continual) pretraining that changes base weights; draft quality capped by shallow exit layer; later fine-tuning can break exits,"none extra (single model, shared exit LM head; draft KV and hidden states reused by verify)",lossless vs the LayerSkip-trained model; trained model has minimal last-layer accuracy drop vs original (continual pretraining),"token acceptance 68.9% Llama2-7B / 74.5% 13B CNN/DM (E=8, d=12, continual PT); 77.8% 7B from scratch; 45% Llama1-7B HumanEval; tau not reported","up to 2.16x CNN/DM (Llama2-7B, scratch PT), 1.82x HumanEval (A100), 2.0x TOPv2; H100, greedy, max 512 tokens, bs1","Llama2-7B 1.86x / 13B 1.81x CNN/DM, 7B 1.54x XSum (continual PT); Llama2-7B 2.16x, 1.5B 1.76x CNN/DM (scratch); Llama1-7B 1.82x HumanEval; Llama 1.5B 2.0x TOPv2","CNN/DM, XSum, HumanEval, TOPv2 (+ MMLU, NaturalQuestions etc. for last-layer accuracy)",https://github.com/facebookresearch/LayerSkip,F
2a,Kangaroo,2404.18911,2024,NeurIPS 2024,Fixed shallow sub-network (layer 2-3) + trained 1-attention adapter drafts; second early exit stops drafting on low confidence,Tiny adapter (67M vs Medusa 591M) reuses target's shallow layers and KV,Adapter trained per target; draft quality capped by fixed shallow exit layer; drafting still runs the shallow sub-network sequentially per token,67M adapter (Vicuna-7B; 88.7% fewer than Medusa 591M) + its 1-layer KV,lossless,compression rate 1.41-2.22 by Spec-Bench subtask (Vicuna-7B),"avg 1.50x Vicuna-7B (1.24x translation to 1.68x MT-Bench), 1.44x Vicuna-13B (V100; bs and temperature not stated; exit l=2/3, eta 0.6, gamma 6)","Vicuna-7B avg 1.50x (up to 1.68x MT-Bench, 1.61x math), Vicuna-13B avg 1.44x (up to 1.66x MT-Bench)","Spec-Bench (MT-Bench, translation, QA, summarization, math, RAG)",https://github.com/Equationliu/Kangaroo,F
2a,SWIFT,2410.06916,2024,ICLR 2025,On-the-fly optimization of skipped-layer set from current context + confidence-based draft stopping; no training,Plug-and-play; adapts skip set to task without offline search,Skip-set optimization phase at inference (~2 min) and task-dependent sparsity; draft keeps ~half of layers so speedup capped; small models have little layer redundancy,none (shared weights and KV),lossless,"mean generated length M 4.34 CNN/DM, 3.13 GSM8K, 8.21 TinyStories (LLaMA-2-13B, greedy); 3.85/2.99/6.17 (LLaMA-2-70B); 4.75 CodeLLaMA-13B HumanEval","1.3-1.6x (A6000, bs1, T=0 and 0.6, HF)","LLaMA-2-13B 1.28-1.53x (1.37x CNN/DM, 1.31x GSM8K, 1.53x TinyStories); LLaMA-2-70B 1.39-1.62x; CodeLLaMA-13B/34B tested","CNN/DM, GSM8K, TinyStories, HumanEval, WMT16 De-En",https://github.com/hemingkx/SWIFT,F
2a,CLaSp,2505.24196,2025,ACL 2025,Re-select skipped layers every step via dynamic programming over hidden states from the last verify pass; no training,Skip set tracks the context each step instead of a static or per-task set,Per-step DP adds latency that eats most of the gain on small models (1.24x at 8B); depends on last verify's hidden states so drafting waits for verification; draft still deep,none extra beyond cached hidden states of last verify (est.),lossless,"tau 1.28-6.22 (LLaMA-3-8B, T=0), 2.57-5.81 (LLaMA-3-70B, T=0); T=1: 0.98-4.26 (8B), 1.53-5.38 (70B), by Spec-Bench task","1.3-1.7x Spec-Bench (A800, bs1, FP16; INT8 for 405B); T=0 1.56-1.75x, T=1 1.36-1.59x",LLaMA2/3 family: MT-Bench 1.24x (Llama-3-8B) to 1.73x (Llama-3.1-405B),"Spec-Bench (MT-Bench, translation, summarization, QA, math, RAG)",none found,F
2a,DEL,2504.05598,2025,COLM 2025,Picks exit layer and speculation length per context from tracked per-layer acceptance in LayerSkip-style self-SD,Adapts draft depth and length to context with negligible runtime overhead,"Needs LayerSkip early-exit-trained checkpoints; exit choice relies on running acceptance stats, so it degrades on out-of-distribution prompts",0.52-2.26% memory overhead (avg 1.54%),lossless vs the EE-trained model,not recorded (reports token-per-layer eTPL),"1.98-2.84x vs AR by model and task (A100 40GB / H100 80GB, bs1, T=0.6 sampling, greedy for pass@1)","LLaMA-2-7B 2.12-2.75x, 13B 1.98-2.29x, 70B 2.12-2.84x by task; LLaMA-3-8B 2.62x; Llama-3.2-1B 2.36x; CodeLLaMA-7B/34B 2.26x/2.12x HumanEval","CNN/DM, XSum, HumanEval, AQuA-RAT-CoT, GSM8K, WMT14 De-En",https://github.com/hoenza/DEL,F
2a,SpecEE,2504.08850,2025,ISCA 2025,Per-layer lightweight predictor uses speculative (EAGLE) draft tokens as features to decide early exit,Cuts per-token depth with tiny MLP predictors; works on cloud and PC engines,"Lossy early exit, output can differ from the full model; predictors trained per model and need an EAGLE draft model for features; predictors add ~5.6% latency",predictors ~416 KB (Llama2-7B); 0.9-1.4 GB total incl. EAGLE draft,"lossy: <1% accuracy drop reported (MMLU, CSQA, SST2, GSM8K)",n/a (early-exit engine),"2.25x cloud (Llama2-7B, A100 80GB vs HF, combined with other opts), 2.43x PC (RTX 4060 laptop vs llama.cpp); SpecEE alone 1.23-1.43x vs HF; 256 output tokens, bs not stated","Llama2-7B 2.25x cloud / 2.43x PC; Llama2-13B 1.43x, 70B 1.23x vs HF (A100); with EAGLE 1.05x/1.06x over EAGLE (7B/13B)","MT-Bench, SUM, QA, Alpaca, GSM8K, HumanEval, MMLU, CommonsenseQA, SST2",https://github.com/infinigence/SpecEE,F
2a,HiSpec,2510.01336,2025,"arXiv (ICML template, unconfirmed)","Three levels on EE models: shallow layer (~1/8 depth) drafts, intermediate EE layer (~1/4) verifies tentatively, full model verifies periodically",Cheap intermediate verifier rejects bad drafts early; KV and hidden states reused across all three levels,"Needs early-exit-trained models; tentatively accepted tokens can still be rolled back at final verification (wasted work); four coupled knobs (Nd, Ni, Ld, Li)",negligible (<0.01% peak; shared KV and hidden states),lossless,"acceptance 58.1% vs 39.7% single-layer (Llama2-70B, ShareGPT, layer 20)","avg 1.28x, up to 2.01x vs single-layer speculation (4x H100, HF, bs1 default, greedy); v1 best 2.08x","Llama3-8B 1.84-2.08x; Llama2-70B 1.63-1.93x vs AR (as summarized); also Llama2-7B/13B, CodeLlama-34B","ShareGPT, CNN/DM, XSum, HumanEval, GSM8K",none found,F
2a,QuantSpec,2502.10424,2025,ICML 2025,Self-draft with same architecture using 4-bit weights and hierarchical INT4 KV (upper/lower nibbles form INT8 for target),"Draft KV is a bit-slice of the target KV, so no separate draft cache; targets KV-bound long context","Gain only when KV loading dominates, shrinks for short prompts; draft runs full depth; needs custom quantized kernels","draft KV shared with target (no extra); 4-bit draft weights (likely extra copy ~0.25x target weights, est.); ~1.3x memory saving vs sparse-KV drafts",lossless,"acceptance 89.9-94.3%: 91.16% Llama-2-7B-32K (Multi-LexSum 32K), 94.31% LWM-Text-Chat-128K (Multi-LexSum 128K)","up to 2.49x (LWM-Text-Chat-128K, 128K ctx, bs1, 2x A6000); 1.35x at 4K to 2.08x at 32K (Llama-2-7B-32K-Instruct)",Llama-2-7B-32K-Instruct 1.35-2.08x (4K-32K); LWM-Text-Chat-128K (Llama-2-based) 1.78-2.49x (16K-128K),"PG-19, Multi-LexSum, InfiniteBench Sum; contexts 4K-128K",none found (no link in paper),F
2a,QSpec,2410.11305,2024,EMNLP 2025,"Draft with W4A4 activation+weight quantization, verify with W4A16 of the same 4-bit weights",Single weight copy toggles between two activation modes; KV overwritten in place,"Lossless only relative to W4A16, not FP16; needs fast W4A4 and W4A16 kernels on the same weights; draft runs full depth",none (shared weights and KV),"lossless vs W4A16 (W4A4 alone loses 25-51% relative, e.g. GSM8K 73.4 to 54.2, Llama-3-8B Atom)",not reported as tau (gamma=3; >80% W4A4/W4A16 token agreement),"avg 1.38x, up to 1.64x throughput vs W4A16 (Llama-2-7B, bs32; 4x L20 48GB, gamma 3, group size 128)","Llama-2-7B avg 1.58x (up to 1.64x), Llama-2-13B 1.47x, Llama-3.2-3B 1.25x vs W4A16; Llama-3-8B quality tests","PIQA, WikiText-2, WinoGrande, GSM8K, MATH, MBPP, HumanEval, ShareGPT, LMsys-1K",https://github.com/hku-netexplo-lab/QSpec,F
2a,TriForce,2404.11912,2024,COLM 2024,"Two-level hierarchy: Llama-68M with StreamingLLM cache drafts for target on retrieval-selected sparse KV (4K), which drafts for full-KV target",Sparse-KV target is a strong cheap middle drafter for long context,Needs a separate tiny draft model plus two speculation levels; gain needs long context where KV loading dominates; sparse retrieval cache rebuilt per prompt,Llama-68M + 1K StreamingLLM KV + 4K retrieval KV (~3% of full),lossless,"acceptance >0.9 across temperatures (Llama2-7B-128K, retrieval-cache draft)","2.31x A100 (Llama2-7B-128K, 122K prompt, bs1); 7.78x offloading on 2x RTX 4090","Llama2-7B-128K 2.31x A100, 7.78x offload; Llama2-13B-128K 7.94x offload; LWM-Text-Chat-128K 7.37x","PG-19, NarrativeQA, Needle Retrieval",https://github.com/Infini-AI-Lab/TriForce,F
2a,MagicDec,2408.11049,2024,ICLR 2025,Self-speculation with StreamingLLM sparse KV drafter; shows SD helps at large batch for long sequences (cross-listed 5c),"Draft KV is constant-size, so draft cost stays flat while target KV load grows with context and batch","Draft runs full model depth, so gain only when KV loading dominates (long seq); fixed sparse window drops mid-context info and acceptance",StreamingLLM draft KV 256-1024 tokens per sequence,lossless,acceptance ~0.8 (theory section),"up to 2x LLaMA-2-7B-32K (32K, bs32), 1.84x LLaMA-3.1-8B (100K, bs32) on 8x A100; 1.84x LLaMA-2-7B (8K, bs64) on 4x H100; greedy, 64 output tokens","LLaMA-2-7B-32K up to 2x; LLaMA-3.1-8B 1.84x (100K), 1.43x (64K); TinyLlama-1.1B draft variant",PG-19,https://github.com/Infini-AI-Lab/MagicDec,F
2b,Jacobi decoding (Santilli et al.),2305.10427,2023,ACL 2023,Reframe greedy decoding as Jacobi/Gauss-Seidel fixed-point iteration over a block,No model change or retraining,"Model not trained to guess future tokens, so few positions converge per iteration; gains small without parallel hardware",none,lossless (identical BLEU to greedy),not reported,PGJ up to 38% faster on CPU (Opus); HGJ 1-8% faster on GPU (MBart50); ~2x bound with parallel resources,none,"WMT14, WMT16, WMT17, IWSLT15, IITB, FLORES",https://github.com/teelinsan/parallel-decoding,F
2b,Lookahead Decoding,2402.02057,2024,ICML 2024,"Jacobi-style parallel n-gram generation (window W, n-gram N) plus verification branch over an n-gram pool",No draft model or datastore; trades per-step FLOPs for fewer steps,"Spends 56-120x extra FLOPs per step (W=15,N=5 at 7B), so it slows in compute-bound settings (large batch) and weak GPUs (~30% on RTX 3090); Jacobi guesses from an untrained model have low hit rate","none extra weights; n-gram pool (small, est.)",lossless,step compression ~1.6-2.05 (LLaMA-2-7B MT-Bench ~2.0; summarization 1.64-1.77),"up to 1.8x MT-Bench, 2.3x HumanEval (A100, bs1); 4x ClassEval with lookahead parallelism on 8 A100",LLaMA-2-Chat 7B/13B/70B (1.8x MT-Bench 7B); CodeLlama 7B/13B/34B (2.3x HumanEval),"MT-Bench, HumanEval, ClassEval, XSum, CNN/DM, GSM8K",https://github.com/hao-ai-lab/LookaheadDecoding,F
2b,CLLMs,2403.00835,2024,ICML 2024,Fine-tune target on its own Jacobi trajectories so it reaches the fixed point in fewer iterations,Jacobi decoding becomes effective with no draft model or extra parameters,"Modifies target weights, so output is not equal to the original model; needs per-domain trajectory generation and training (2-30 h on 8x A100)",none at inference (target replaced by CLLM),"lossy vs original fine-tuned target: GSM8K 59.1 to 56.4, Spider 70.0 to 69.3, CSN 60.4 to 59.2, MT-Bench 6.5 to 6.4",not reported as tau; fast-forwarded tokens per iteration 2.0-6.8x vs base model,"Jacobi 2.4-3.4x, lookahead 2.5-3.6x (A100 40GB, bs1); e.g. GSM8K 43.5 to 132.4 tok/s",LLaMA2-7B-based targets: GSM8K 3.0x Jacobi / 2.9x lookahead; ShareGPT/MT-Bench 2.4x / 2.5x,"GSM8K, Spider, CodeSearchNet-Python, ShareGPT, MT-Bench",https://github.com/hao-ai-lab/Consistency_LLM,F
2b,REST,2311.08252,2023,NAACL 2024,Retrieve draft continuations from a datastore via suffix-array match on recent context; tree attention verify,No draft model; drafts are real text from a large corpus,Fixed datastore cannot match novel or in-context text (e.g. new variable names); CPU retrieval cost per step,datastore 12 GB (UltraChat) or 27 GB (Stack) in CPU RAM,lossless,mean generated length 1.77 Vicuna-7B/13B MT-Bench greedy (1.72 nucleus); 2.65/2.45 CodeLlama-7B/13B HumanEval greedy,"Vicuna-7B MT-Bench 1.69x greedy / 1.62x nucleus; CodeLlama-7B HumanEval 2.36x / 2.12x (A6000, bs1)","Vicuna-7B 1.69x, 13B 1.77x MT-Bench greedy (1.62x/1.71x nucleus); CodeLlama-7B 2.36x, 13B 2.27x HumanEval greedy","MT-Bench, HumanEval",https://github.com/FasterDecoding/REST,F
2b,Prompt Lookup Decoding,none,2023,GitHub only,String-match last n-gram (max 3) against the prompt and copy up to 10 following tokens as draft,"Zero cost drafting; strong when output copies input (summarization, RAG, editing)","Can only copy text already in the prompt, so drafts fail on novel or open-ended output",none,lossless (HF transformers: works with greedy and sampling),not reported,"avg ~2.4x on summarization (CNN/DM) and context QA (HAGRID) (Mistral-7B-Instruct-v0.1, A100 40GB, greedy, max_ngram 3, 10 draft tokens); little gain on MT-Bench turn 1",none (Mistral-7B only),"CNN/DM, HAGRID, MT-Bench",https://github.com/apoorvumang/prompt-lookup-decoding,A
2b,SuffixDecoding,2411.04975,2024,NeurIPS 2025,Suffix trees over prompts and past outputs on CPU; adaptive speculation length by match frequency,Very long drafts (6-8 tokens/step) on repetitive agentic workloads at no GPU cost,"Depends on repeated past outputs; on open-ended text drafts rarely match (1.75 tokens/step Spec-Bench), so needs a hybrid drafter",suffix trees in CPU RAM (~6.15 GB per 572M cached tokens); ~20 us per draft token,lossless,"6.3 AgenticSQL, 7.8 SWE-Bench, 1.75 Spec-Bench (Llama-3.1-8B-Instruct, greedy); hybrid with EAGLE-3 4.68 Spec-Bench","5.3x AgenticSQL, 2.5x SWE-Bench, 1.66x Spec-Bench alone, hybrid 2.46x Spec-Bench (H100, bs1, greedy); vLLM run with OpenHands-LM-32B, 8 concurrent, TP4",Llama-3.1-8B-Instruct 5.3x AgenticSQL (2.8x over EAGLE-2/3),"AgenticSQL, SWE-Bench, Spec-Bench",https://github.com/snowflakedb/ArcticInference,F
2b,SAM-Decoding,2411.10666,2024,ACL 2025,Static (corpus) and dynamic (generated text) suffix automata give longest exact suffix match; falls back to generative drafter,O(1) average match per step; combines with EAGLE-2 or Token Recycling,"Exact-match retrieval fails on novel text, so needs a fallback drafter chosen by a heuristic match-length rule","suffix automata in CPU RAM, grows with corpus (not reported, est.)",lossless,"MAT 3.03 (+Token Recycling), 3.77 (+EAGLE), 4.61 (+EAGLE-2) Spec-Bench; HumanEval 2.94/4.03/4.79 (Vicuna-7B, greedy)","Spec-Bench 1.84x alone, 2.27x +Token Recycling, 2.58x +EAGLE-2; HumanEval 2.29x (A6000, bs1, greedy)",Vicuna-7B-v1.3 (all results above),"Spec-Bench, HumanEval",https://github.com/hyx1999/SAM-Decoding,F
2b,Token Recycling,2408.08696,2024,ACL 2025,Keep adjacency matrix of past top-k candidates per token; BFS a draft tree; tree attention verify,"Training-free, <2 MB state, reuses otherwise discarded candidates",Drafts limited to transitions seen as past top-k; static tree shape; acceptance drops as temperature rises,<2 MB adjacency matrix,lossless,"MAT 2.70 (Vicuna-7B), 2.72 (13B), 2.63 (33B), Spec-Bench, greedy","Spec-Bench 2.03x (7B), 1.89x (13B), 1.91x (33B); ~2.0x at T=0.3 (A100, bs1, greedy)","Vicuna-7B 2.03x, 13B 1.89x, 33B 1.91x; CodeLlama MBPP 2.26-2.34x","Spec-Bench, MBPP",https://github.com/Luowaterbi/TokenRecycling,F
2b,Cacheback,2511.21699,2025,EMNLP 2025,Draft only from LRU n-gram tables: dynamic table from generation plus frozen corpus table,"Tiny model-free drafter, cache policy adapts to locality",Exact n-gram matching fails on novel text; six hand-set cache hyperparameters with no auto-tuning,"LRU n-gram tables (not reported; small, est.)",lossless,2.42 (Vicuna-7B),"avg 1.86x Vicuna-7B; 1.29-1.84x by task across 7B-33B (RTX 4090, bs1)",Vicuna-7B 1.86x; Vicuna-13B/33B 1.29-1.84x by task,Spec-Bench (modified),https://github.com/zyma98/Spec-Bench/tree/cacheback,F
2c,MTP (Gloeckle et al.),2404.19737,2024,ICML 2024 (unv.),n independent heads on a shared trunk trained from scratch to predict n tokens; extra heads self-draft,Draft comes for free from the pretrained model; 2.5 of 3 drafts accepted on code,"Requires MTP pretraining, cannot be added to existing checkpoints; heads predict offsets independently so later heads ignore earlier choices; hurts models below ~3B","n-1 extra heads, one transformer layer each, shared unembedding (7B, n=4: ~0.6B, est.)",lossless,"~2.5 of 3 drafts accepted on code (7B, n=4)","3.0x code, 2.7x text (7B, n=4); 6.4x byte-level n=8 (bs42, xFormers)",none (custom 7B models),"MBPP, HumanEval, APPS, CodeContests; ARC-C, COPA, HellaSwag, NQ, PIQA, SIQA, TriviaQA; CNN/DM, XSum and 5 other summarization sets; GSM8K",none found,F
2c,DeepSeek-V3 MTP,2412.19437,2024,arXiv (tech report),"Sequential depth-1 (D=1) MTP module (1 transformer block, shared embedding and output head) trained with the model; reused as a 1-token speculative drafter","Drafter trained jointly at pretraining, high second-token acceptance",Depth 1 limits drafts to one extra token per step; must be built into pretraining,"1 MTP module, 14B params (685B total = 671B main + 14B MTP) + its KV",lossless,2nd-token acceptance 85-90% across generation topics,"1.8x TPS (hardware, batch not stated)",none,various generation topics (not specified),https://github.com/deepseek-ai/DeepSeek-V3,X
2c,FastMTP,2509.18362,2025,arXiv,"Fine-tune one shared-weight MTP head on self-distilled data, apply recursively for K=3; language-aware vocab compression",Reuses the model's own MTP head for multi-step drafts at ~1 day training cost,Recursive single head degrades with depth (acceptance ~80/56/36%); requires a base that ships an MTP module; vocab compression is language-specific,"1 MTP head (already in MiMo), 210.8M params fine-tuned (<3% of backbone) + its KV; draft vocab 16K zh / 32K en",lossless,"tau 2.66 (MiMo-7B-RL, T=0, K=3)","2.03x avg vs AR, 1.21x vanilla MTP (A10 24GB, SGLang, bs1, T=0)",none (MiMo-7B-RL),"MT-Bench, LiveCodeBench-v6, MATH-500, Natural Questions (QA, RAG), CNN/DM, C-Eval",https://github.com/Tencent-BAC/FastMTP,F
2c,Your LLM Knows the Future (Apple),2507.11851,2025,arXiv,Append k mask tokens; gated LoRA active only on masks; 2-layer sampler head; quadratic decoding,Keeps NTP outputs unchanged while the model predicts k future tokens in one pass,"Gated LoRA cannot be fused into base weights, adding latency; k mask tokens add compute per step; requires SFT-stage training","rank-128 gated LoRA + 2-layer MLP sampler (counts not reported; small vs 8B, est.)",lossless,"tokens/step (k=8): 5.22 math, 5.35 code, 2.39-2.52 chat, 1.91-2.38 knowledge, 2.79-3.72 safety (Tulu3-8B)","1.5-5.2x acceptance-based (not wall-clock), 8x A100 training",Tulu3-8B (Llama-3.1-8B-based): up to ~5x tokens/step,"GSM8K, HumanEval, AlpacaEval, IFEval, MMLU, PopQA, TruthfulQA, safety (XSTest, HarmBench, etc.)",none found,F
3a,Blockwise Parallel Decoding,1811.03115,2018,NeurIPS 2018,"Extra heads predict next k tokens in parallel; base model verifies, keep longest matching prefix",k tokens proposed for the cost of one pass; no separate draft model,"each head predicts its offset independently, so later heads ignore earlier choices; heads share one trunk hidden state; high acceptance needs fine-tuning the trunk, which changes the base model being decoded","one extra FFN layer (hidden k x d_hidden, out k x d_model) on a transformer_base model; no extra KV",lossless vs the (possibly fine-tuned) scoring model; dev BLEU 26.00 base vs 26.11 at k=8 (distill+FT); top-k approx lossy: 25.04 BLEU at k=10 top-2,"mean accepted block (WMT dev, greedy): 1.76 regular k=8; 4.69 distill+FT k=8, 4.95 k=10; super-res 6.79 at k=10 (FT+approx)","MT up to 3.3x wall-clock (k=8, block 4.7); test k=2 28.95 BLEU 1.72x, k=8 27.88 BLEU 3.31x; super-res 4.0x (k=6); greedy, hardware/bs not extracted",none,"WMT 2014 En-De (newstest2013 dev, newstest2014 test), CelebA image super-resolution (8x8 to 32x32)",none found,F
3a,PARD,2504.18583,2025,ICLR 2026,Small AR model adapted with mask tokens into a target-independent parallel drafter; COD training,one drafter pass emits k tokens; one drafter serves a whole target family without retraining per target,"separate drafter model with its own KV that grows with context; target-independent drafter sees no target features, so it only works within one tokenizer family; mask positions predicted jointly without seeing each other's sampled tokens","separate small LM: Llama3.2-1B (LLaMA3 targets), Qwen2.5-0.5B, R1-Distill-Qwen-1.5B, plus its KV",lossless,"not reported as tau; LLaMA3.1-8B acceptance 1-alpha 0.93 / 4-alpha 0.90 HumanEval, 0.88/0.85 GSM8K (EAGLE-3 0.87/0.85); K_infer 12","vLLM, A100-40GB, bs1: LLaMA3.1-8B avg 3.00x / 219.15 tok/s; Qwen2.5-7B avg 3.18x, HE 3.76x; abstract 3.67x / 264.88 tok/s (earlier version: Transformers+ 3.57x)","vLLM A100 bs1: LLaMA3.1-8B HE 3.63x (264.88 tok/s), GSM8K 3.20x, SpecBench 2.17x, avg 3.00x; LLaMA3.3-70B HE 4.11x, GSM8K 3.94x, avg 3.49x (84.29 tok/s)","HumanEval, GSM8K, SpecBench, MATH500 (appendix)",https://github.com/AMD-AGI/PARD,F
3a,DiffuSpec,2510.02358,2025,Findings of ACL 2026,Off-the-shelf diffusion LM drafts a token lattice; causal-consistency path search; adaptive draft length,training-free: no drafter training or target alignment; many tokens per drafter pass,"unaligned dLLM drafter has no target features, so acceptance depends on dLLM-target agreement; path search over the lattice is a serial CPU/GPU step each round; full 7B drafter must share the GPU with the target","Dream-7B drafter (~15 GB bf16, est.) plus its context processing; no extra training",lossless (greedy verify),"MAT mean 6.99 (Qwen2.5-32B, T=0): MT 7.02, Trans 7.35, Sum 6.25, QA 7.49, Math 7.61, RAG 8.04","mean 3.08x, Math 4.02x, Sum 2.41x, RAG 2.38x (Qwen2.5-32B, 1x A100-80GB, bs1, T=0); path search ~1.1% overhead; draft len 20-30",none,"Spec-Bench: MT-Bench, WMT translation, CNN/DM, Natural Questions, GSM8K, RAG (DPR)",none found,F
3a,SpecDiff-2,2511.00606,2025,arXiv,Discrete-diffusion drafter aligned with streak-distillation; test-time self-selection over several sampled drafts,train objective targets long accepted streaks; parallel block drafting,"self-selection needs several drafter samples per round (extra drafter compute); block positions sampled from marginals, so drafts can be incoherent; full 7B diffusion drafter tied to one tokenizer family","7B diffusion drafter (DiffuCoder-7B for Qwen, DiffuLLaMA-7B for Llama-2) plus its context processing (~14 GB bf16, est.)",lossless,tokens/draft: Qwen2.5-14B Math500 6.20 (T=0); Qwen2.5-72B Math500 7.00 (T=1); EAGLE-2 4.25/4.63,"up to 5.5x avg over AR, +55% tok/s over baselines; Qwen2.5-72B Math500 5.01x (T=1), Qwen2.5-14B 3.65x (T=0) (A100-80GB)","LLaMA-2-70B-Chat HumanEval 5.28x, 7.40 tok/draft (T=1); LLaMA-2-13B-Chat Math500 3.61x, 6.31 (T=0); EAGLE-2 3.91x / 3.48x","Math500, HumanEval, GPQA, GSM8K, LiveCodeBench, MT-Bench",none found,F
3a,DEER,2512.15176,2025,arXiv,dLLM drafter aligned to the AR target with a two-stage training pipeline,block drafting with long possible accepts (up to 32 tokens) from one drafter call,"dLLM block positions independent given context; separate dLLM drafter retrained per target family (~240 GPU-h for Qwen3-8B); dLLM KV caching lacks support in vLLM/SGLang, hurting batched serving",~0.5B (~470M) diffusion drafter (from open-dCoder or Qwen2.5-0.5B) plus its KV,lossless,"T=0 mean tau 4.61 (Qwen3-4B), 4.61 (8B), 4.82 (14B), 5.03 (30B-A3B); HumanEval 30B-A3B 6.58; max accepted 32 vs EAGLE-3 8","T=0, A100-80GB: 30B-A3B HumanEval 5.54x, MBPP 4.00x; 8B 2.35-3.30x; 14B 2.43-3.59x; bs16 HumanEval 175.66 vs AR 49.76 tok/s (no KV cache)",none,"HumanEval, MBPP, CodeAlpacaPy, LiveCodeBench, GSM8K, Math500, Minerva Math",https://czc726.github.io/DEER/ (code announced),F
3a,P-EAGLE,2602.01469,2026,arXiv,EAGLE turned parallel: learnable shared hidden state fills future positions; long-context training via mask precomputation and sequence partitioning,several tokens per drafter pass instead of one pass per token,"parallel positions use a shared hidden state and mask embedding, so later positions do not see earlier drafted tokens; drafter tied to target features (retrained per target); 4-layer drafter is costlier per pass than EAGLE-3 (slowdown at K=3 on MoE)","4-layer drafter, 2-5% of target params (paper), plus its KV",lossless (standard rejection sampling in vLLM),"AL K=5: GPT-OSS-120B 2.9-3.5, GPT-OSS-20B 3.4-4.0, Qwen3-Coder-30B 3.0-4.5 (AR EAGLE-3 2.7-4.4); T not stated","vs AR EAGLE-3, vLLM, 1x H200, C=2: GPT-OSS-20B 1.27-1.36x (1205 tok/s HumanEval, K=7); 120B 1.04-1.10x; Qwen3-Coder-30B 1.04-1.11x; no vanilla AR baseline","ablations only, LLaMA 3.1 8B: 4-layer AL 3.92 HumanEval, 3.04 MT-Bench; 1-layer 2.69 / 2.41","HumanEval, MT-Bench, GSM8K (test); training on UltraChat, GSM8K train, OpenCodeInstruct",https://github.com/vllm-project/speculators (training); vLLM inference; no released checkpoints,F
3b,DFlash,2602.06036,2026,ICML 2026,"5-layer block-diffusion drafter, block 16, one denoising step; target features from 5 layers injected into every draft layer's KV","whole block in one drafter pass, so draft cost does not scale with block length; target features make a small drafter accurate","positions conditionally independent within a block (product of marginals); needs fresh target features every round, so draft and verify serialize (ours: drafter ~16% of a round); block 16 caps accepted length; drafter retrained per target","1B drafter for Qwen3-8B and for LLaMA-3.1-8B (HF cards, ~2 GB bf16); drafter KV ~5/36 of target KV (est.), grows with context",lossless,"tau 6.49 T=0, 5.48 T=1 (Qwen3-8B avg, HF); MATH-500 7.87 T=0; SGLang Math500 8.01 (ours: tau 5.85, Qwen3-8B, A100, HF)","Qwen3-8B 4.86x T=0, 4.03x T=1 (H200, bs1, HF); SGLang B200 Math500 5.1x (1175 tok/s) c=1 to 2.8x (16076 tok/s) c=32 (ours: HF 4.37x; vLLM 4.84x, A100 bs1)","LLaMA-3.1-8B-Instruct, block 10, SGLang B200, T=0: GSM8K 2.4x c=1 to 1.6x c=32, tau 4.32; HumanEval 2.8x, tau 4.91; Alpaca 2.2x, tau 3.73 (EAGLE-3(60) 0.6x at c=32)","GSM8K, MATH-500, AIME24, AIME25, HumanEval, MBPP, LiveCodeBench, SWE-Bench, MT-Bench, Alpaca; thinking mode; LLaMA drafter trained on UltraChat+ShareGPT",https://github.com/z-lab/dflash,F
3b,DFlash 2,none (no paper),2026,"blog (Inco AI, 2026-08-18) + HF models",DFlash plus two-tap dynamic depthwise conv around attention/FFN sublayers and a path selector scoring adjacent token pairs over top-16 candidates per position,adds left-to-right info inside the block for ~1.3% extra latency; selector picks a coherent path instead of per-position argmax,"conv sees only the previous position and selector scores only adjacent pairs, so longer-range in-block dependencies stay independent; still needs fresh target features each round; drafter retrained per target","2B drafter for Qwen3.8-27B (HF card); conv +16.5M params (3%), selector +2.0M; plus drafter KV (est.)","lossless (rejection sampling, T=1)","T=1 thinking: Qwen3.5-4B mean 5.97 vs DFlash 4.92; Qwen3.8-27B 4.80 (GSM8K 5.46, MT-Bench 4.10) vs MTP 4.28; Muse Glimmer 5.70 vs DFlash 4.44","Qwen3.8-27B 2.7-3.4x bs1, GSM8K 236.1 tok/s 3.43x (1x H200, SGLang FA3, c=1, T=1, block 8); Muse Glimmer 3.1-4.6x (block 16)",none,"GSM8K, MATH-500, HumanEval, MBPP, MT-Bench","https://github.com/z-lab/dflash; HF incoai/Qwen3.8-27B-DFlash2, incoai/Muse-Glimmer-30B-DFlash2; SGLang, vLLM, llama.cpp, Ollama",F
3b,DDTree,2604.12989,2026,arXiv,Best-first heap builds top-B prefix tree from DFlash per-position marginals; one verify pass with ancestor mask,recovers much of the joint structure lost by marginals without retraining; one drafter pass per round,"tree surrogate ignores dependencies (every node at a depth gets the same candidates); depth capped at block size 16; tree verify cost grows with nodes x batch and needs a dense SDPA mask (no FA2), plus a CPU heap sync each round","no extra params; per round B+1 extra verify tokens, dense bf16 mask of N x (ctx+N), hidden states for all nodes",lossless (sample-and-match at T>0),"Qwen3-8B MATH-500 tau 10.73 vs DFlash 7.79 (T=0), 9.54 vs 6.46 (T=1); Qwen3-4B 10.71 (ours: DDTree-128 tau 8.1, Qwen3-8B, A100)","Qwen3-8B MATH-500 7.52x vs DFlash 5.56x T=0, 6.59x vs 4.56x T=1 (H200, HF/SDPA, budget picked per cell from 16-1024) (ours: DDTree-128 HF 5.90x, A100)",none,"MATH-500, GSM8K, AIME24, AIME25, HumanEval, MBPP, LiveCodeBench, SWE-bench Lite, MT-Bench, Alpaca",https://github.com/liranringel/ddtree,F
3b,BASTION,2605.29727,2026,arXiv,Query-dependent best-first tree over DFlash marginals; path-confidence product as acceptance surrogate; roofline latency model sets budget online,tree size matched to hardware cost per step without per-setting tuning,"surrogate is a product of marginals, ignores dependencies; budget controller needs per-(GPU, target) latency calibration and assumes bs1 cost profile; inherits DFlash block cap and fresh-feature dependency",no extra params beyond DFlash; tree verify tokens per round; controller overhead negligible (heap ops),lossless,"T=0 A100 avg tau: Qwen3-8B 8.48 (EAGLE-3 2.32), Qwen3-4B 8.56; range 4.64 (MT-Bench) to 10.60 (MATH500)","T=0, A100, bs1: Qwen3-8B 6.61x avg (EAGLE-3 2.70x; DFlash GSM8K 4.56x); Qwen3-4B 6.93x; claims 1.39x over DFlash, 2.45x over EAGLE-3; also H100, RTX PRO 6000, A6000","Llama-3.1-8B-Instruct (DFlash block 10) evaluated on four GPUs; numbers only in Fig. 4, not extracted (earlier 4.46x/tau 6.00 unconfirmed)","GSM8K, MATH500, AIME25, HumanEval, MBPP, LiveCodeBench, Alpaca, MT-Bench, LongBench (English)",https://github.com/kaist-ai-osi-lab/BASTION,F
3b,CaDDTree,2606.01813,2026,arXiv,Per-round tree budget chosen to maximize tok/s from offline latency profile plus drafter confidence,removes manual/oracle budget tuning; throughput unimodal in budget makes search cheap,relies on a convex verify-cost assumption and an offline profile per hardware; tree still built from independent marginals; inherits block-16 depth cap,no extra params; offline latency table; tree verify tokens per round,lossless,"T=0: Qwen3-4B MATH-500 tau 10.37 vs DDTree-oracle 10.35, DFlash 7.71; Qwen3-8B DFlash 7.91; ~8.9-10.4 on math/code sets","Qwen3-4B MATH-500 4.53 ms/tok (= DDTree-oracle, mean budget 221 vs oracle 256) vs DFlash 5.93, AR 30.65; Qwen3-8B 4.60 vs DFlash 5.83, AR 30.95 (A800, T=0)",none,"MATH-500, GSM8K, AIME25, HumanEval, MBPP, LiveCodeBench, MT-Bench, Alpaca",https://github.com/ZhangShuai1230/CaDDTree,F
3b,GRAFT,2608.20375,2026,arXiv (AAAI template),Target-distilled edge scores rate parent-child compatibility in diffusion draft trees; state-aware budget,"tree scoring conditions on the parent token, partly fixing marginal-only ranking","drafting, tree construction and verification run sequentially each round; edge scores only pairwise, longer dependencies ignored; scorer distilled per target",not reported; (est.) small (two linear projections + depth embeddings over frozen target embeddings) on top of DFlash; scorer 0.3 ms/round,lossless (standard target verification; not stated explicitly),"Qwen3-8B MAT: GSM8K 8.06 vs DDTree 8.18, DFlash 5.82; Math500 9.36 vs 9.38, 7.02; Alpaca 4.26 vs 4.46, 2.83","2.13-6.36x over AR (A100-80GB, bs1, T not stated); Qwen3-8B Math500 6.17x vs DDTree 4.93x, DFlash 4.84x; Qwen3-4B 6.36x; Qwen3-Coder-30B 4.74x",none,"GSM8K, MATH500, AIME24, AIME25, HumanEval, MBPP, LiveCodeBench, SWE-bench, Alpaca",none found,F
3c,Domino,2605.29707,2026,arXiv,DFlash backbone plus GRU causal encoder over preceding tokens and low-rank residual logit correction,restores left-to-right dependency at +5% params; keeps one backbone pass,"Domino head updates its causal state token by token, so a sequential step grows with block length (1.20 ms/round after Triton+CUDA graphs); correction only pays off once early positions are accepted; inherits fresh-feature dependency","+56M params (+5.3%) on DFlash drafter (GRU 1024-d, rank-256 correction); no extra KV reported",lossless,"Qwen3-8B tau 7.17 vs DFlash 6.06 (T=0), 5.91 vs 5.18 (T=1); Qwen3-4B 7.08 vs 6.06 (T=0), 6.00 vs 5.33 (T=1)","Qwen3-8B 5.49x vs DFlash 4.66x (T=0), 4.46x vs 3.96x (T=1) (A100-80GB, Transformers); SGLang Qwen3-8B GSM8K 5.1x at c=2, 3.0x at c=16; up to 5.8x",none,"GSM8K, MATH-500, AIME25, HumanEval, MBPP, LiveCodeBench, MT-Bench, Alpaca",https://github.com/jianuo-huang/Domino,F
3c,TreeFlash,2606.03819,2026,arXiv,SwiGLU layer on drafter state plus previous token approximates AR conditionals inside a DDTree-style tree,"parent-aware node distributions computed in M x gamma parallel evaluations, O(1) in depth","only first-order conditioning (previous token); trained teacher-forced, so conditioning on its own drafted tokens at inference gives exposure bias; large trees conflict with production attention kernels; inherits block cap",not reported; (est.) one SwiGLU layer (~0.1B at 4096 hidden) on DFlash,lossless,Qwen3-8B B=64 T=1: 7.62 vs DDTree 6.76; T=0 B=64 ~8.84 vs DDTree ~7.8 (table parse ambiguous); +12.4% mean tau over DDTree,"Qwen3-8B B=64 T=1: 5.50x vs DDTree 5.04x; +9.1% over DDTree at B=64 (GH200, bs1, PyTorch SDPA, bf16)",none,"MATH-500, GSM8K, HumanEval, MBPP, MT-Bench; targets Qwen3-4B/8B, Qwen3-Coder-30B-A3B",https://github.com/ETH-DISCO/TreeFlash,X
3c,D2SD,2606.04446,2026,arXiv,Drafter-1 confidence locates likely rejection points; variable-prefix drafter-2 re-drafts from top-K of them; branches verified together with cascade attention,covers the likely failure point without a full tree,two drafters run per round (VP-drafter waits on drafter-1 confidences); verify width grows with K branches; more stages do not pay off (3rd stage: tau 7.62->8.24 but 5.35x->5.13x),"not reported; VP-drafter shares DFlash architecture, so ~2x drafter weights and draft KV (est.)",lossless,"Qwen3-8B 7.05 vs DFlash 5.31 (T=0), 5.45 vs 4.33 (T=1); GPT-OSS-20B 8.02 vs 4.13 (T=0), 2.35 vs 1.99 (T=1); gamma 16, K=4","Qwen3-8B 4.98x vs 4.16x (T=0), 4.01x vs 3.43x (T=1); GPT-OSS-20B 6.15x vs 3.53x (T=0), 1.84x vs 1.71x (T=1) (H200, HF Transformers, FA2)",none,"GSM8K, MATH, AIME25, HumanEval, MBPP, LiveCodeBench, MT-Bench, Alpaca",https://github.com/catnanami/D2-SD,F
3c,JetSpec,2606.18394,2026,arXiv,Causal parallel draft head over fused hidden states gives branch-wise causal conditioning in one forward pass,causal dependency along branches without per-token drafter passes,"draft head is a 5-layer decoder with its own KV fed by fused target features, so it is trained per target and needs fresh features each round; 256-node tree verify cost grows with batch, gains shrink at large batch","not reported; (est.) ~1B draft head (5 layers, 4096 hidden, 12288 MLP for Qwen3-8B) + its KV cache",lossless,"Qwen3-8B budget 256: MATH-500 10.76 (T=0), 9.01 (T=1); MT-Bench 5.94 (T=0); Qwen3-30B-A3B MATH-500 10.28 vs DDTree 9.71","Qwen3-8B budget 256 T=0: MATH-500 9.64x (DDTree 8.78x), MT-Bench 4.58x (H100); vLLM MATH-500 budget 128: 4.33x bs1, 3.26x bs8, 2.80x bs16",none,"GSM8K, MATH-500, AIME25, HumanEval, MBPP, LiveCodeBench, MT-Bench",https://github.com/hao-ai-lab/JetSpec,X
3c,DSpark,2607.05147,2026,arXiv,DFlash-style parallel backbone plus light sequential module (low-rank Markov or RNN head); calibrated confidence head and load-aware scheduler pick verify length,semi-AR refinement restores dependency cheaply; verify length shrinks under load,sequential head samples left to right per position (+0.2-1.3% round latency); fixed upfront gamma-token draft cost is wasted on low-acceptance queries; drafter KV over full prefix grows with context (2.5 GiB at 128K per LongSpark),not reported; 5-layer DFlash-style backbone + rank-256 Markov/RNN head + linear confidence head; drafter state 2.5 GiB at 128K (LongSpark measurement),lossless,"Qwen3-8B macro tau 4.87 vs DFlash 4.12, EAGLE-3 3.91 (T=1); +16.3/18.4/18.3% vs DFlash on Qwen3-4B/8B/14B","DeepSeek-V4-Flash 60-85%, V4-Pro 57-78% higher per-user speed vs MTP-1 at matched throughput (production); Qwen3 wall-clock not extracted",none,"GSM8K, MATH500, AIME25, MBPP, HumanEval, LiveCodeBench, MT-Bench, Alpaca, Arena-Hard",https://github.com/deepseek-ai/DeepSpec,X
3c,xPress,2608.02438,2026,arXiv,Lightweight low-rank causal refiner reranks diffusion-draft candidates through parallel Jacobi iterations,reaches sequential fixed point in K << block size parallel passes,"Jacobi refinement adds K=4-7 batched refiner passes every round (K tuned per benchmark); refiner reranks drafter candidates, so it cannot recover tokens outside them",not reported; rank-256 refiner (~16x lighter than full-width) on block-16 DFlash,lossless,"Qwen3-8B avg tau 8.02 (T=0), 6.97 (T=1) (README); +18-56% (T=0), +19-58% (T=1) vs DFlash","6.2x (T=0), 5.3x (T=1) over AR; ~1.29x / 1.46x over DFlash, up to 1.7x (Qwen3-8B, H200, bs1, PyTorch, 2048 tokens)",none,"GSM8K, MATH-500, AIME25, HumanEval, MBPP, LiveCodeBench, MT-Bench",https://github.com/Supercomputing-System-AI-Lab/xPress,X
3c,DBLAST,2608.05448,2026,arXiv,Categorical latent mixture (K=4) correlates positions in a block; acceptance-oriented training objective for T>0,"joint draft becomes a mixture of products, so positions co-vary; strongest at high entropy","latent category sampled once per block from only K=4 components, so dependence is coarse; trained with a biased surrogate objective and proposals that do not match stochastic inference","+67.1M (+6.7%) on Qwen3-8B drafter, +26.2M (+5.2%) on 4B",lossless,">12% macro tau gain over DFlash, Qwen3-8B high-entropy (T/top-p 0.7/0.8, 1.0/0.95, 1.5/0.95); absolute values not extracted",not reported,none,"GSM8K, MT-Bench, HumanEval, creative writing",none found,X
3c,DARTree,2608.13524,2026,arXiv,Pretrained AR correction heads extended from chains to trees by depth-wise parallel batching and deferred best-first pruning,parent-conditioned node distributions across many branches,"one correction-head pass per tree depth, so sequential steps grow with depth; fixed-width depth-wise schedule only approximates best-first search; tree verify cost grows with nodes x batch",not reported; DFlash drafter + pretrained AR correction module (Domino/DSpark-style),lossless,"Qwen3-8B T=0 avg 9.81 vs DFlash 6.09, DDTree 7.59, Domino 7.11; max 12.97 (GSM8K)","Qwen3-8B T=0 avg 6.99x vs DFlash 4.43x, DDTree 5.63x, Domino 5.19x; up to 9.73x (GSM8K) (GPU/batch not extracted)",none,"GSM8K, MATH-500, AIME25, HumanEval, MBPP, MT-Bench, Alpaca",https://github.com/VILA-Lab/DARTree,X
3d,AdaFlash,2607.19223,2026,arXiv; COLM'26 workshop (per README),On-policy distillation of a diffusion drafter with clipped reverse-KL plus adaptive length head,drafter trained on its own rollouts; length head cuts wasted verify slots under load,on-policy distillation needs target rollouts per domain; bidirectional in-block attention gives high-variance drafts,not reported; DFlash-size drafter + length head (est.),lossless,AdaFlash not extracted; DFlash baseline tau 7.09-7.11 at c=1-128 (Qwen3-8B),up to ~5.3x over AR; up to ~66% higher avg throughput than prior SOTA at high concurrency (SGLang); DFlash drops 4.38x (c=1) to 0.90x (c=128) on Qwen3-8B,none,"MathQA, GSM8K, OpenCodeInstruct, CodeAlpaca, ShareGPT, Blend (+2, 8 total); targets Qwen3-8B, Qwen3-Coder-30B-A3B + 1",https://github.com/ZinYY/AdaFlash,X
3d,DFlow,2609.06498,2026,arXiv,Relay module shifts and modulates target hidden states at rejected positions into the next draft; multi-round self-conditioned training,"reuses verifier information otherwise discarded, at 1.2% latency",relay must be trained on its own rejected rollouts (teacher-forced relay training drops tau to 2.22 with Domino); block fixed at 16; still needs fresh target features each round,"not reported; small MLP relay on DFlash (0.51 ms, 1.2% latency)",lossless,"Qwen3-8B 4.15 vs DFlash 3.66 (T=0), 3.45 vs 3.10 (T=1); Qwen3-4B 4.20 vs 3.71 (T=0); with Domino 4.50 vs 4.02 (Qwen3-1.7B)","Qwen3-8B GSM8K: 3.08x vs DFlash 2.83x at c=1, 1.89x vs 1.71x at c=16, 1.35x vs 1.16x at c=32 (A800, SGLang)",none,"GSM8K, MATH-500, HumanEval, MBPP, MT-Bench, Alpaca",https://github.com/pekpuch/dflow,F
3d,DPara,2609.27396,2026,arXiv,"During verify, precomputes drafts for every acceptance boundary (d+1 anchors, M-DFlash) so drafting fully overlaps verification",hides drafter latency with no fallback round,"drafter computes d+1=8 anchors per round, multiplying draft compute; needs a dedicated drafting GPU, competing with verify at bs>1",no new params (backbone fine-tuned from DSpark ckpt); one dedicated drafting GPU; 8 anchors per round (d=7) so ~8x draft activations (est.),lossless,not extracted (backbone fine-tuning raises avg tau +30.7%),"avg 3.21x Qwen3-8B, 3.52x Qwen3-14B, max 4.53x; +11.1%/5.1% vs DSpark (H800, bs1-16, greedy)",none,"GSM8K, MATH-500, HumanEval, MBPP, CodeAlpaca, MT-Bench, Alpaca",not found,X
3d,LongSpark,2609.37029,2026,arXiv,"Block-diffusion drafter with fixed-cost prefix encoding: boundary state, recent window, global summary",draft cost and state stay flat with context (~3.5 ms 1K-128K),fixed-size summary is lossy for far context (rare long-range tokens); needs a dedicated drafter GPU,drafter state 6.3 MiB at 128K vs DSpark 2.5 GiB (406x smaller); one dedicated drafter GPU; params not reported,lossless,Qwen3-8B avg 4.69,"avg 1.88x/1.99x/2.13x over AR (Qwen3-4B/8B/14B); 128K TPOT 74.3 vs DSpark 97.2 ms; +12.0/7.8/6.0% vs DSpark at c=128 (target TP4 + 1 drafter GPU, SGLang)",none,"LongSpec (32K), CodeSpan (64K), LongSWE-Bench (128K), Alpaca, MBPP, MATH-500 (8 total)",https://github.com/Hao-Yuan-He/LongSpark,X
3d,PARD-2,2605.08632,2026,arXiv,Confidence-Adaptive Token reweighting aligns loss with acceptance; one drafter serves target-dependent (hidden features) and target-independent modes,"one drafter for a model family, or higher accuracy when target features are available",separate drafter with its own KV growing with context; target-dependent mode needs target features each round; target-independent mode limited to one tokenizer family,not reported; separate small AR draft model (sizes not named) plus its KV,lossless,"Qwen3-8B avg 6.98 (DFlash 5.58); LLaMA3.1-8B avg 6.95 (T=0, K=16, target-dependent)","Qwen3-8B avg 5.81x vs DFlash 4.61x, PARD 4.39x, EAGLE-3 1.93x (A100-40GB, vLLM, T=0); target-independent 4.82x/4.79x/4.68x on Qwen3-8B/14B/32B","LLaMA3.1-8B avg 5.19x / tau 6.95 vs PARD 4.00x, EAGLE-3 2.76x; 6.94x / tau 9.19 is HumanEval only (abstract 'up to') (vLLM, A100-40GB, T=0, K=16)","HumanEval, MATH-500, GSM8K, MT-Bench",https://github.com/AMD-AGI/PARD,F
3d,PEFT block-diffusion negative result,2607.12422,2026,arXiv,LoRA adapter on the target backbone acts as a same-backbone block-diffusion drafter (D=16),no separate drafter weights,"draft pass is a full-backbone pass, as expensive as verify (~50 ms each), so tau gains do not pay off","LoRA r=16, 10.1M params (1.67% of 0.6B); reuses target weights, draft pass is a full forward (50.3 ms vs verify 50.6 ms)",lossless,"2.88 vs FastMTP 1.51 (Qwen3-0.6B, T=0, D=16)","34.05 tok/s vs FastMTP 188.01, greedy AR 431.36 (slower than AR) (Qwen3-0.6B, SGLang, T=0, 256 tokens)",none,TULU-3 50k (training); eval prompt set not named,none found,F
4a,SpecDec (Xia et al.),2203.16487,2022,Findings EMNLP 2023,NAR 12+2-layer Spec-Drafter drafts k=25 tokens; accept if in target top-β (β=3) and log-prob gap to top-1 ≤ τ (1.0),"relaxed top-β/τ acceptance lets long NAR blocks survive, so ~8 tokens accepted per iteration",lossy: output no longer the target's greedy/sampled sequence; β and τ must be tuned per task; separate drafter trained per target (mask-predict),"Spec-Drafter (12+2 layers) weights; extra peak GPU memory ~245-288 MB (WMT14 En-De, P100, bs 1-32)","lossy by rule, no measured drop: BLEU 28.93 vs 28.89 AR (WMT14 En-De, Transformer-base); En-Ro 35.45 vs 34.96; CNN/DM ROUGE-1 43.11 vs 43.08 (BART-base)","8.23 tokens/iter (k=25, WMT14 En-De, greedy)","Transformer-base: 5.1x En-De, 5.5x De-En, 4.6x En-Ro, 4.8x Ro-En; 12+2 target: 2.5-3.3x; BART-base CNN/DM 5.1x (P100, bs1, fairseq)",none,"WMT14 En-De, WMT16 En-Ro, CNN/DM",https://github.com/hemingkx/SpecDec,F
4a,BiLD (Big Little Decoder),2302.07863,2023,NeurIPS 2023,small model generates; fallback to large model when small-model confidence is low; rollback when large-model cross-entropy to a small token exceeds a threshold,"plug-and-play, no training; tokens with small discrepancy are kept, so the large model runs rarely",lossy: tokens the large model would not pick are kept; fallback/rollback thresholds tuned per task; best results need the small model fine-tuned on large-model outputs (alignment); rollback discards small-model work,"small model (paper: 25M vs 409M/402M large, ~1/20) + its KV; ~5x fewer memory ops than vanilla","lossy: matched-quality IWSLT 40.24 vs 40.32 BLEU, WMT 31.26 vs 31.38, XSum 35.05 vs 35.08 R-L, CNN/DM 41.52 vs 41.54; max-speed setting ~1 pt drop (CNN/DM 40.96)",not reported,"aligned, matched quality: 1.62x IWSLT, 1.47x WMT, 1.50x XSum, 1.85x CNN/DM; ~1 pt drop: up to 2.12x (T4, bs1, greedy); unaligned 1.43-1.71x",none (mT5/T5 encoder-decoders only),"IWSLT2017 De-En, WMT14 De-En, XSum, CNN/DM",https://github.com/kssteven418/BigLittleDecoder,F
4a,Medusa typical acceptance,2401.10774,2024,ICML 2024,"decoding heads + tree attention; accept candidate if target prob > min(ε, δ·exp(−H(p))) instead of rejection sampling","entropy-adaptive threshold accepts more candidates at T>0 than rejection sampling, without a separate drafter","lossy at T>0: not the target distribution (reduces to greedy match at T=0); ε, δ are global constants to tune; heads retrained per target","per head W1 (d x d) + W2 (d x V): ~0.15B/head on 7B, ~0.74B for 5 heads (est., not reported); no extra KV","lossy at T>0: Fig. 5 (Medusa-2 Vicuna-7B, T=0.7, MT-Bench writing/roleplay) shows GPT-4 score similar to random sampling; exact drop not tabulated","acceleration rate (Medusa-2): 3.47 Vicuna-7B, 3.51 Vicuna-13B, 3.01 Vicuna-33B, 3.14 Zephyr-7B; typical-acceptance alone only in Fig. 5","Medusa-1 2.18x (Vicuna-7B), 2.33x (13B); Medusa-2 2.83x (7B/13B), 2.35x (33B), 2.66x (Zephyr-7B) (A100, bs1, MT-Bench); typical acceptance: higher accel. than RS at T=0.7","Vicuna-7B 2.18x/2.83x, Vicuna-13B 2.33x/2.83x (Medusa-1/-2), Vicuna-33B 2.35x (Medusa-2); MT-Bench score change -0.14 to +0.05","MT-Bench, AlpacaEval; training on ShareGPT/UltraChat",https://github.com/FasterDecoding/Medusa,F
4a,Mentored Decoding,2609.30474,2026,arXiv,choose the output distribution that maximizes acceptance subject to an f-divergence budget (TV/KL) to the target; link to boosting,"explicit, provably optimal acceptance-quality trade-off; cheap data structure (O(sort(n)) build, O(log n) query)","lossy: output follows a divergence-bounded proxy, not the target; per-token budget compounds over sequence length; budget must be chosen","none beyond the drafter (est.); O(n) data structure, O(sort(n)) build per step (n = vocab or top-k)","lossy with bounded per-token f-divergence; theory paper, no measured drop (toy simulation only); claims proxy can beat target",not reported (theory paper),"not reported (theory paper, no benchmarks)",none (no experiments),none (toy simulation only),none found in paper,F
4a,Judge Decoding (Meta),2501.19309,2025,ICLR 2025,linear judge head on target last-layer embeddings classifies whether a mismatching draft token is still correct; accept if yes,"accepts mismatches that are semantically fine, so ~20 tokens per round with a strong 8B drafter",lossy: no guarantee of target distribution; judge trained on ~500 hand-annotated examples and OOD domains drop; needs a long-drafting drafter (Medusa/EAGLE-2 draft <=6 tokens) and a large target,"judge head ~16.4k params (linear on target last-layer embeddings), negligible; plus separate Llama-3.1-8B drafter + its KV","lossy: target accuracy 'almost exactly preserved' (GSM8K ~91%, HumanEval 86.6% on 405B, figure); OOD (no code in judge data) HumanEval 86.6% -> 80.4%","~19.7 (8B/405B), 18.8 (8B/70B) vs ~6.3-6.4 standard SD","8B/405B: 9.7x HF, 3.9x gpt-fast, 129.3 tok/s (8xH100); 8B/70B: 2x HF, 3x gpt-fast, 141.8 tok/s (2xH100); gpt-fast 8-bit, bs1","Llama-3.1 8B->405B 9.7x HF / 3.9x gpt-fast, tau ~19.7; 8B->70B 2x / 3x, tau 18.8","GSM8K, HumanEval, MT-Bench, ARC, MMLU",none found,F
4a,AutoJudge,2504.20039,2025,NeurIPS 2025,"mine 'important' mismatches (substitution changes final answer) offline with target rollouts, train logistic regression on draft+target hidden states, accept unimportant mismatches",removes manual annotation of Judge Decoding; cheap classifier at inference,lossy: target distribution not preserved; labels need verifiable tasks and classifier is task-specific (GSM8K<->LCB transfer much worse); mining needs many sequential target passes (~706 s/sample for 8B/70B),"logistic regression on concat draft+target hidden states (6144-d for 1B/8B, ~6k params, est.) + Llama drafter + KV","lossy: GSM8K 8B/70B 92.0 -> 89.9% at 1.49x, 91.9% at 1.11x; 1B/8B 83.1 -> 80.2% at 1.14x; LiveCodeBench ~2% Pass@1 drop at >22 tokens/cycle",">40 tokens/forward (8B/70B, GSM8K), >22 (8B/70B, LiveCodeBench); 1B/8B ~1.5x more than SD at <=1% drop (greedy)","vs SD in vLLM (A100-80GB, bs1, bf16): 8B/70B GSM8K 72.3 -> 107.4 tok/s (1.49x); 1B/8B 147.7 -> 169.2 tok/s (1.14x)",Llama-3.1-8B -> 70B: 1.49x over SD at -2.1 pts GSM8K; Llama-3.2-1B -> 3.1-8B: 1.14x at -2.9 pts,"GSM8K, LiveCodeBench",https://github.com/garipovroma/autojudge,F
4a,SelfJudge,2510.02329,2025,ICML 2026,"self-supervised judge: label mismatches by semantic preservation score (bidirectional likelihood of replaced vs original token), train logistic regression on target hidden states","no ground-truth answers needed, so labels extend beyond math/code",lossy: target distribution not preserved; label threshold calibrated on GSM8K (AutoJudge labels); labeling needs target responses plus suffix rescoring passes (N=20 tokens) per mismatch,"logistic regression on target hidden states (~4k params for 8B, est.) + 1B/8B/0.5B drafter + KV; judge 0.26% of verify time","lossy (Llama 8B/1B, T=0): GSM8K 80.5 vs 80.7 SD, MMLU 62.7 vs 65.0, MATH-500 42.2 vs 45.4, CNN/DM 63.9 vs 64.6, LCB 10.0 vs 8.6","Llama 8B/1B: GSM8K 11.29 vs 9.14 SD, MMLU 6.38 vs 4.36, CNN/DM 6.05 vs 4.35, MATH-500 12.78 vs 9.98","A100, T=0: 8B/1B GSM8K 137.4 vs 111.2 tok/s SD (+23.5%), MMLU 89.5 vs 61.1 (+46.3%); 70B/8B (4xA100) +22.4% GSM8K, +22.7% MMLU",Llama-3.1-8B/3.2-1B and Llama-3.1-70B/8B: +22-46% tok/s over SD (above),"GSM8K, MATH-500, LiveCodeBench, CNN/DM, MMLU",none found,F
4a,Fuzzy SD (FSD),2502.20704,2025,Findings ACL 2025,"accept draft token if JS divergence between target and draft distributions < threshold T, else standard SD rejection",single knob trades accuracy for speed; T=0 recovers lossless SD,"lossy for T>0: no quality guarantee; mapping from T to downstream accuracy unknown and task/candidate-length dependent, so T must be calibrated per dataset","none beyond the drafter (Llama-3.1-8B, Gemma2-2B or Qwen2.5-7B + KV)",lossy: Llama 8B/70B GSM8K 93.1 vs 95.1% SD at 22.0 tok/s; CSQA 82.1 vs 84.1; HumanEval 77.4 = SD; low threshold matches SD accuracy,Llama 8B/70B: GSM8K 9.7 SD -> 11.8-13.5; CSQA 1.96 -> 3.32-8.14; HumanEval 7.6 -> 8.5-8.9,"Llama 8B/70B, 2xA100, bs1: GSM8K 16.8 SD -> 19.5-22.0 tok/s (AR 8.5); HumanEval 20.5 -> 22.3-23.6; CSQA 13.5 -> 14.4-19.5; Gemma2/Qwen2.5 on 2xA6000",Llama-3.1 8B->70B: GSM8K 22.0 vs 16.8 tok/s SD at -2.0% acc.,"GSM8K, CSQA, HumanEval, MMLU; pairs Llama-3.1 8B/70B, Gemma2 2B/27B, Qwen2.5 7B/32B",https://github.com/maxholsman/fsd,F
4a,DIVERSED (Amazon),2604.07622,2026,AISTATS 2026 (earlier NeurIPS 2025 Efficient Reasoning workshop),"verify against a learned mixture of draft and target, weight w_t from a small FFN on both hidden states, trained with REINFORCE++ (task reward + TV acceptance term)",context-dependent weight raises acceptance where mixing is harmless and keeps the target where it matters,"lossy: samples from learned mixture, not the target; weight net trained per task with RL; needs draft and target hidden states each step and a patched transformers fork","weight net: 1 FC layer + sigmoid on concat draft+target hidden states (params not reported, small vs drafter, est.) + 1B drafter + KV","lossy, no drop seen (Llama 8B/1B, T=1): GSM8K 67% = AR; MBPP 53% = AR; CNN/DM R-2 12.11 vs 9.86 AR; XSum R-2 7.23 vs 7.03","acceptance rate (N=5, T=1), Llama 8B/1B: GSM8K 72.6% vs 44.6% SD, CNN/DM 70.0 vs 21.6, XSum 70.5 vs 20.4, MBPP 85.0 vs 26.3",wall-clock only as normalized time in figures (8xA100-40GB); no speedup numbers tabulated,"Llama-3.1-8B/3.2-1B: acceptance 70-85% vs 20-45% SD at AR-level quality (T=1, N=5)","GSM8K, CNN/DM, XSum, MBPP; pairs Llama-3.1-8B/3.2-1B, Qwen3-8B/0.6B, Gemma-3-12B/4B",https://github.com/comeusr/diversed,F
4a,FLy (AMD),2511.22972,2025,ICLR 2026,at a high-entropy mismatch (θ=0.3) open a W=6 window and accept if the target does not diverge again; stacked with prompt-lookup drafting,"training-free; accepts semantically correct drafts, so tau 11-18 and robust OOD","lossy: not the target's tokens, unsuitable for verbatim reproduction; commit delayed by W tokens; W and θ set empirically",none beyond Llama-3.1-8B drafter + KV (PLD n-gram is free),lossy: >99% accuracy recovery; e.g. GSM8K 94.69 vs 95.45% (Llama-3.1-70B),"tau 12.67 in-dist / 11.35 OOD (70B, T=0); 17.14 / 17.13 (405B) vs ~2-3 standard SD","T=0: 70B 2.88x in-dist / 2.53x OOD; 405B 5.34x / 4.80x; T=1: 70B 2.59x / 2.56x, 405B 5.31x / 5.21x (MI355X, 1 GPU 70B, 4 GPUs 405B, bs1)","Llama-3.1-70B 2.5-2.9x, tau ~11-13; Llama-3.1-405B 4.8-5.3x, tau ~17; OOD 1.62x over EAGLE-3","GSM8K, HumanEval, MBPP; OOD: ACP-prog-gen, NIAH-multivalue, MGSM",https://github.com/AMD-AGI/FLy,F
4a,Revisiting Lossy Verification,2607.26627,2026,arXiv,"analysis: splits lossy verification into truncation-based (SpecCascade, Medusa typical) and collaborative (lenience, CoS) families, tested with EAGLE-3",single harness and taxonomy for lossy rules; names failure modes,n/a (analysis paper); finds truncation rules distort the distribution and collaborative rules degrade unless draft-probability overshoot (q ≥ p/ℓ) is controlled,EAGLE-3 draft head + its KV (est.); lossy rules themselves add no memory,truncation (SpecCascade) gap to true truncation sampling grows with difficulty: 0.38 pp (GSM8K) to 6.67 pp (AIME),block efficiency in App. C; numbers not extracted,"tokens/s in App. C; numbers not extracted (A100, bs1, T=0 per App. G)",EAGLE-3 on Llama-3.1-8B-Instruct (plus Qwen) per App. G; numbers not extracted,"MATH, MBPP+, INCLUDE, BFCL, GSM8K, AIME",https://github.com/ZhouYuxuanYX/Fast-HSD,X
4b,Faster Cascades via SD (Google),2405.19261,2024,ICLR 2025,"speculative cascades: cascade deferral rule (Chow, Diff, OPT, Token variants) executed via speculative draft-then-score",keeps cascade cost-quality gains (can beat the large model) with parallel SD-style verification,"lossy: samples from a deferral-defined mixture, not the large model; plug-in optimal rule needs calibrated confidence; higher total compute than sequential cascades",small model + its KV (T5-small 77M for T5-large 800M / T5-XL 3B; Gemma 2B drafter for 9B/27B),lossy by design: matches large-model quality at the speedups below; can exceed it,not reported (rejection rates only),"at large-model quality, SpecCascade [Token]: small->large 1.85x WMT, 1.89x CNN/DM, 1.18x XSum; small->XL 2.50x, 1.89x, 1.40x (T5, T=1, gamma=5, bs1)","none (T5, Gemma 2B/9B/27B)","WMT En-De, CNN/DM, XSum, GSM8K, MBPP, SQuAD 2.0, WebQuestions, NaturalQA, TriviaQA",none found,F
4c,"Reward-Guided SD (RSD, Salesforce)",2501.19324,2025,ICML 2025,"draft model writes each reasoning step; PRM scores it; keep if reward ≥ δ (0.7), else regenerate the step with the target",spends target compute only on low-reward steps; reward bias can raise accuracy,"lossy: biased toward high-reward steps, not the target distribution; needs a step-level PRM (none for general domains); δ tuned per task; third model in memory","draft (~1.5B) + PRM (1.5B-7B, Skywork-o1-PRM) + both KVs; README needs ≥3 GPUs in vLLM online mode",lossy (gain): Qwen2.5-Math 1.5B/7B: avg 66.1 vs 65.3 target (6 tasks); GPQA up to 38.4 vs 32.8; 7B/72B: MATH500 88.0 vs 85.6,not reported (step-level),"up to 4.4x fewer FLOPs vs target-only (7B/72B, MATH500); wall-clock not reported (A100, vLLM, T=0.7)","Llama-3.2-1B/3.1-8B, PRM 7B: avg 41.9 vs 41.4 target, 41.1 SD (MATH500 50.4 vs 49.4, GSM8K 85.4 vs 83.9)","MATH500, GSM8K, GaoKao-2023-En, OlympiadBench, GPQA-Diamond, MMLU-STEM",https://github.com/BaohaoLiao/RSD,F
4c,SpecReason,2504.07891,2025,NeurIPS 2025,small model writes each step; large model scores utility 0-9 in a prefill pass; keep if ≥7 else large model regenerates; stacks with token-level SD,"offloads easy steps to a 1.5B model; scoring is prefill-only, cheaper than generation","lossy: output mostly small-model text, not the target's; static score threshold; each step needs a large-model prefill; both models colocated with statically split KV",R1-Distill-1.5B + its KV colocated with 32B base,"lossy (gain): QwQ-32B +1.3-3.6 AIME, +4.0-9.0 MATH500, +0.4-1.7 GPQA; Skywork-OR1-32B +1.4-5.0 (pass@1, k=16)",not reported (step-level),"QwQ-32B: 2.5x MATH500, 1.5x AIME, 1.4x GPQA; Skywork-OR1-32B: 3.0x, 1.6x, 1.7x (2xA6000, vLLM 0.8.2, T=0.6); +SD: 19.4-58.0% lower latency than SD alone",R1-Distill-Llama-70B as base (App. A.1); numbers not extracted,"MATH500, AIME, GPQA",https://github.com/ruipeterpan/specreason,X
4c,Speculative Thinking,2504.12329,2025,arXiv,"small reasoning model generates; at '\n\n' + reflective cues ('wait', 'alternatively') the large model writes 20-125 tokens","large model only intervenes at reflection points (~20% of tokens), lifting the small model's accuracy and shortening outputs","lossy vs large model: output mostly small-model text; cue words are hand-picked heuristics; each switch hands text across, so the other model must prefill the new tokens (est.)",full large model (14B/32B) + KV alongside the small model,"lossy vs 32B alone: MATH500 89.4 vs 93.8, GPQA 41.9 vs 61.6, AIME 32.2 vs 60.0, AMC23 80.0 vs 95.0 (1.5B+32B); vs 1.5B alone +5 to +8 pts",not applicable (~18-21% of output tokens from the large model),"FLOP-based estimate, not measured: 96.6 vs 32.2 tok/s for 32B alone (MATH500, A100-class)","LLaMA3-8B small + Qwen-32B large: +3.4% accuracy, +44.4% est. speed vs small alone","MATH500, GPQA, AIME, AMC23",https://github.com/uservan/speculative_thinking,F
4c,Speculative CoT (SCoT),2504.19095,2025,Findings ACL 2026,draft model writes n=5 full CoTs in parallel; target picks one in a single forward pass or rethinks if all are wrong; LoRA-tuned draft and target,replaces most target CoT tokens with a single selection pass,"lossy: output is a draft CoT, not the target's; LoRA tuning of both models on GSM8K data; 'all drafts wrong' detected only 52% of the time, and rejected rounds waste 5 drafts",draft model (1.5B or 8B) + 5 parallel draft KVs (≤5000 tokens each); LoRA merged,"lossy: Qwen-32B -0.4 to -1.0 pts (CollegeMath +0.4); Llama-70B -1.4 to -2.4 pts (GSM8K 86.8 vs 88.2, MATH 90.4 vs 92.0)",not applicable (draft selection acc. 85.1%),R1-Distill-Qwen 1.5B/32B: 1.90-2.92x (A100-40GB); R1-Distill-Llama 8B/70B: 1.26-1.96x (H800),R1-Distill-Llama-8B -> 70B: 1.26-1.96x at -1.4 to -2.4 pts,"GSM8K, MATH, GaoKao-En-2023, CollegeMath, Olympiad",https://github.com/Jikai0Wang/Speculative_CoT,F
4c,Lookahead Reasoning,2506.19830,2025,NeurIPS 2025,draft proposes γ=6 future steps; target writes each step in one batched pass; LLM judge (Qwen2.5-7B) checks semantic equivalence; accept up to first mismatch; stacks with token SD,"step-level parallelism adds a second level on top of token SD, lifting its ceiling",lossy: judge false accepts become answer errors; judge model adds memory and latency; steps split on '\n\n' only,draft 1.5B/1.7B + judge 7B (or ~100M embedding model) + batched KV for γ steps; judge on its own GPU,lossy: +1.0 to -2.1 pts vs target AR (GSM8K 92.8 vs 91.8),"step acceptance 0.35-0.63 (R1-Distill), 0.30-0.53 (Qwen3)","LR+SD 1.51-2.11x (R1-Distill-32B), 1.32-1.68x (Qwen3-32B); LR alone 1.04-1.71x; SD alone 1.25-1.53x (8xH100, vLLM 0.8.3, T=0.6)",none,"GSM8K, AIME24, AMC12-23, HumanEval, LiveCodeBench, GPQA, MT-Bench",https://github.com/hao-ai-lab/LookaheadReasoning,F
4c,SpecGuard,2604.15244,2026,Findings ACL 2026,"sample k draft candidates per step, pick most self-consistent (sentence embeddings), accept if attention-grounding + log-prob ensemble score > τ, else target recomputes","step acceptance from model-internal signals, no external PRM","lossy: no distribution guarantee; needs attention maps (last 3 layers), at odds with fused attention kernels; k samples per step plus a sentence encoder; τ and β tuned","1.5B drafter + k=3 candidate KVs + sentence encoder + sparsified attention maps (not reported, est.)","lossy (gain): Qwen2.5-Math 7B/1.5B MATH500 85.4 vs 83.0 target, GSM8K 95.8 vs 94.7; 'accuracy +3.6%' vs SD/RSD",not reported,"~11% lower latency vs RSD (A100, vLLM); per-method latency only in figure","Llama-3 8B/1B: MATH500 51.6 vs 48.2 target, GSM8K 85.1 vs 83.9, Olympiad 17.2 vs 14.5","MATH500, GSM8K, GaoKao-2023-En, OlympiadBench; Qwen2.5-Math, Qwen2.5, Llama-3 pairs",none found,F
5a,SpecTr,2310.15141,2023,NeurIPS 2023,Multi-draft verification as optimal transport (OTM); K-SEQ approximation,"K drafts give the verifier several candidates per position, raising acceptance over single-draft SD","exact OTM LP is exponential in k, so the deployed K-SEQ is only (1-1/e)-optimal; K i.i.d. drafts are not deduplicated, so verify slots are spent on repeated prefixes; gain only at T>0",not reported; K=8 draft sequences x L=8 tokens of draft KV plus up to 64 verify positions in the target pass (est.),lossless,"block efficiency 4.0 vs 2.9 SD (K=8 vs 1, L=8) and 3.1 vs 2.4 (L=4) (PaLM-2 Gecko->Bison, LM1B, T=1); 3.27 vs 2.33 (6M/97M LM1B models)","2.13x vs AR, 1.37x vs SD (K=8, L=8); 2.08x vs 1.67x SD at L=4 (PaLM-2 Gecko->Bison, T=1); hardware not stated",none,"LM1B (1000 prompts, 3 seeds; plus 6M/97M LM1B transformers)",none found,F
5a,Towards Optimal Multi-Draft SD (Hu et al.),2502.18779,2025,ICLR 2025,Computes optimal multi-draft acceptance via OT dual; proposes without-replacement and greedy drafting,"makes the optimal acceptance rate cheap to compute (O(V log V)), so verifiers and draft samplers can be benchmarked against the bound","single-step analysis only, not over multi-step trees; reaching the bound needs a changed draft sampler (without replacement / greedy draft); gain only at T>0",none beyond n drafts' KV (default n=3) (est.),lossless,"single-step acceptance, Alpaca, T=0.7, w/o replacement: optimal 89.9% vs RRS 88.9%, greedy 90.7% (OPT-125M/6.7B); 76.5/75.7/78.4% (LLaMA-68M/7B); 71.5/70.9/72.6% (EAGLE/Vicuna-7B)","multi-step MT-Bench Vicuna-7B+EAGLE, T=0.1: greedy draft 1.17x (4 drafts x 3 steps), 1.13x vs RRS 1.04x (2 x 4); RTX A6000; reference baseline of the x not stated in extract","LLaMA-68M/LLaMA-7B: optimal 73.0% w/ repl. (K-SEQ 71.9%, RRS 71.6%), 76.5% w/o repl.; EAGLE-0.24B/Vicuna-7B: 64.4% / 71.5%; Vicuna-7B multi-step up to 1.17x","Alpaca, CNN/DM, WMT'14 De-En, MT-Bench",none found,F
5a,Multi-Draft Canonical Decomposition (Khisti et al.),2410.18234,2024,ICLR 2025,"Optimal multi-draft token selection = importance-sampling choice of one draft token, then single-draft SD",reduces the multi-draft LP to a simple two-step scheme; perfect acceptance conditions for identical drafters,"token-level selection only, no tree-wide joint acceptance; practical scheme needs a truncated LP (s=5) and truncated alphabet (40 tokens), so it only approximates the optimum; gain only at T>0",not reported; K=2 draft sequences of 5 tokens (+ draft KV) from OPT-125M (est.),lossless,"not reported numerically (block efficiency in Fig. 3 plots only; OPT-125M->OPT-13B, K=2, 5 tokens/call, target T=1, top-p 0.95)",token-rate % gain over SpecInfer and single-draft SD shown in plots only; 1x A100-80GB,none (OPT-125M/OPT-13B only),"XSum, Databricks-Dolly-15k, WMT18",none found,F
5a,Global Resolution,2511.15898,2025,ICLR 2026,Reduces multi-draft OT LP to max-flow / polymatroid convex problem with <=V variables,"makes the optimal multi-draft verifier tractable (10,000x+ faster than prior LP solvers)","solver runs per token (5-47 ms/token on Llama-3), comparable to a decode step; success rate falls to 15% at k=1000, n=2, forcing early termination/fallback; optimal only for i.i.d. drafts",not reported; convex solver state O(V) per token plus n<=10 draft KVs (est.),lossless in exact solve; early-terminated solve deviates at most 15*tau in L1 from target (tau=1e-3 setting),"Llama-3 70B/8B: 90.04% vs 89.01% max-flow at 100 ms/token, 85.65% vs 83.94% at 10 ms; Gemma-2 27B/2B: 86.60% vs 85.83%; T not extracted",solver 5.27-47.46 ms/token (Llama-3); ~2x wall-clock vs SpecTr baseline in multi-step setting (App. R); hardware in App. M not extracted,Llama-3-70B target / Llama-3-8B draft: 90.04% acceptance vs 89.01% max-flow solver (100 ms/token budget),"40 random prompts per dataset (names in App. M, not extracted)",none found,X
5a,Block Verification,2403.10444,2024,ICLR 2025 (unv.),Verifies the draft block jointly instead of token by token,"provably optimal among single-draft lossless rules and never worse than token-wise, at no extra compute","single chain only, no tree or multi-draft; gain bounded near 10% and zero at T=0; greedy variant needs framework changes",none beyond standard SD,lossless,"+8.30% block efficiency avg (7.00-10.06% across 8 datasets) vs token-wise (PaLM-2-S + PaLM-2-XXS, gamma=8, sampling)","+6.49% wall-clock avg (5.36-8.14%) vs token-wise SD (PaLM-2-S + XXS, gamma=8, T>0); hardware not stated",none,"LM1B, GPT Prompt, WebQA, PIQA, ShareGPT, XSum, GSM8K, WMT De-En",Appendix A sketch; https://github.com/vllm-project/vllm/pull/40819,F
5a,Recursive SD (RSD),2402.14160,2024,not found,"Draft tree sampled without replacement (Gumbel-top-k RSD-C, stochastic beam RSD-S) + recursive rejection sampling","without-replacement sampling removes duplicate siblings, so the tree covers more distinct tokens","recursive rejection is still token-wise across siblings, not the joint optimum; stochastic beam adds drafter-side search work; gain only at T>0",not reported; drafter KV for beam width x depth plus tree verify positions (est.),lossless,not reported numerically (block efficiency in Figs. 4-5 only),"RSD-S beats SD and SpecTr on block efficiency, MBSU and token rate at fixed draft length (A100; values in figures only)","Llama 2 / Llama 2-Chat 7B, 13B, 70B targets (also OPT 13B/30B/66B): RSD-S strictly outperforms SD and SpecTr at fixed draft length (figures only)","WMT18 De-En (T=0.3), XSum (T=0.3), Databricks-Dolly-15k (T=1, top-p 0.95)",none found,F
5a,Traversal Verification,2505.12398,2025,NeurIPS 2025,"Leaf-to-root, sequence-level acceptance over the draft tree","accepts whole paths by joint probability, generalizing block verification to trees",bottom-up traversal over the whole tree adds overhead that eats part of the gain; gain shrinks as T falls (1.0% at T=0.2 vs 2.8% at T=1) and is zero at T=0,none beyond drafter and tree,lossless,"tau 4.09 vs 3.95 token-level (Llama3.1-8B / 3.2-1B, chain d5); 4.76 vs 4.64 binary tree; 4.67 vs 4.53 EAGLE sparse tree; 2.59 vs 2.47 (Llama2-7B / 68M, binary d5)","58.5 tok/s EAGLE sparse tree vs 57.3 token-level vs 34.5 AR (~1.7x) on Llama3.1-8B; +1.7-2.5% tok/s vs token-level; RTX A6000, bs1","Llama3.1-8B: tau 4.09-4.76, 52.5-58.5 tok/s vs 34.5 AR; Llama2-7B/68M: tau 2.16 chain, 2.59 binary (+4.7-5.5%), AR 37.3 tok/s","Spec-Bench (MT-Bench, WMT14 De-En, CNN/DM, Natural Questions, GSM8K, DPR)",none found,F
5a,UniVer,2605.04543,2026,arXiv,"Tree verification as conditional OT across siblings and depth, closed-form acceptance","jointly handles multi-draft and multi-step acceptance with closed-form probabilities, latency comparable to RRSw",no gain at or near T=0 (stated); needs sampled draft trees with valid draft probabilities for every sibling,none beyond drafter and tree,lossless,"tau 3.29 vs 3.06 RRSw, 3.13 traversal (Vicuna-7B + EAGLE, binary 2x5, T=1); 2.95 vs 2.72 (Llama3.1-8B, T=1); equal to traversal at T=0.3","72.2 tok/s vs 67.5 RRSw vs 35.9 AR (~2.0x) (Vicuna-7B + EAGLE, RTX A6000 48G, bs1, T=1)","Vicuna-7B tau 3.29 (+7.5%); Vicuna-13B 3.35, 45.3 tok/s (AR 22.3); Vicuna-33B 3.21, 21.4 tok/s (AR 9.2); Llama3.1-8B 2.95, 51.1 tok/s (AR 34.5); Llama2-7B+68M 2.65, 62.5 tok/s","Spec-Bench (6 domains, 80 samples each)",none found (built on EAGLE repo),F
5a,HSD (Hierarchical SD),2601.05724,2026,ICLR 2026,Lossless sequence-level verifier: hierarchical resampling of excess/deficient mass across branches,"accepts more tokens than token-wise and block-wise rules without computing the intractable joint; drop-in, no retraining",no gain at T=0; needs full draft and target probability vectors for all gamma positions; gain shrinks for the largest target (+3.3% BE on Qwen2.5-72B GSM8K),none beyond drafter; stores gamma x V probabilities (est.); verify <1% of decode time (stated),lossless,"BE 6.30 / 6.47 / 6.65 vs 5.99 / 6.14 / 6.44 token-wise (Qwen2.5-0.5B -> 14B/32B/72B, GSM8K, gamma=10, T=1); HumanEval 5.29-5.49; CNN/DM 2.45-2.59","+6.7% avg speed vs token-wise; 91.05 vs 82.28 tok/s Qwen2.5-14B GSM8K (1x H20, T=1); EAGLE-3 integration 80.49 vs 71.59 tok/s (+12.4%)","Llama-3.1-70B/8B: BE 7.43 vs 6.83 (+8.8%), 9.18 vs 8.41 tok/s (+9.2%) (H20)","GSM8K, HumanEval, CNN/DM",https://github.com/ZhouYuxuanYX/Hierarchical-Speculative-Decoding,F
5a,Max-Speedup Speculative Sampling,none (OpenReview oGPeI321sI),not found,OpenReview submission (decision not read),Generic tree construction principle aimed at maximizing speedup (title only; OpenReview page blocked by bot check),not read,not read (title only),not read,not read,not read,not read,not read,not read,none found,A
5b,SpecInfer,2305.09781,2023,ASPLOS 2024,Token trees merged from several small models; tree attention; multi-step speculative sampling (MSS),"one target pass verifies many candidate paths, so more tokens per step than a single chain","static expansion configs/SSM sets, not adaptive per context; benefit shrinks as batch grows (less spare compute for tree nodes); MSS is a suboptimal multi-draft rule",SSMs LLaMA-68M / OPT-125M add <1% memory; token-tree overhead negligible vs KV cache (stated),lossless,"verified tokens/step greedy 2.18-2.95 (width 1) to 3.07-3.69 (width 5); stochastic 2.21-2.38 (width 5) (LLaMA-7B + LLaMA-68M, range over datasets)","1.5-2.5x single-node (LLaMA-7B 1 GPU, OPT-30B 4 GPUs), 2.4-2.8x multi-node (LLaMA-65B, 2 nodes) vs vLLM/HF TGI/FasterTransformer; 2.6-3.5x offloading vs FlexGen (OPT-13B/30B); A10 24GB, bs1-16",LLaMA-7B + LLaMA-68M: 1.5-2.5x single GPU; LLaMA-65B multi-node: 2.4-2.8x,"Alpaca, ChatGPT Prompts, WebQA, Chatbot Instruction Prompts (CIP), PIQA",https://github.com/flexflow/FlexFlow (paper link; now flexflow-serve),F
5b,Sequoia,2402.12374,2024,NeurIPS 2024,DP-optimal tree under a positional acceptance vector; SWOR verification; hardware-aware tree size,tree shape is provably optimal for the measured acceptance and sized to the hardware,"tree is fixed per acceptance vector, so it ignores context; vector must be re-measured per model pair, T and domain; large trees (128-768 nodes) only pay off when target is memory-bound or offloaded","JF68M drafter + KV, 128-node verify tree (A100); offload: Llama2-7B/Llama3-8B drafter + 768-node tree",lossless,"5.08 tokens/step (Llama2-7B + JF68M, C4, T=0, tree 128); 3.92 at T=0.6; 4.98 MT-Bench T=0; offload 10.30 (Llama2-70B/7B), 11.68 (Llama3-70B/8B, T=0)","4.04x (Llama2-7B, A100, bs1, T=0, C4) vs SpecInfer 3.45x; up to 3.73x Llama2-13B, 2.27x Vicuna-33B; offload on L40: 9.5x Llama3-70B (0.60 s/token), 8.6x Llama2-70B (0.66 s/token)","Llama2-7B 4.04x (T=0), 3.18x (T=0.6); Llama2-13B up to 3.73x; Vicuna-33B 2.27x; offload Llama2-70B 8.6x, Llama3-70B 9.5x","C4, OpenWebText, CNN/DM, MT-Bench",https://github.com/Infini-AI-Lab/Sequoia,F
5b,OPT-Tree,2406.17276,2024,TACL 2025,Each step greedily builds the tree maximizing expected acceptance length under a node budget,"tree adapts to the current context, so strong drafters can get >10 tokens per step","deeper trees mean more sequential drafter passes, so a strong large drafter can raise MAL yet give ~1x (Llama-2-7B + 1B draft: MAL 4.88, 1.01x); draft probability as acceptance proxy weakens under sampling; per-step tree rebuild gives dynamic shapes","drafter (68M, 1B, 7B or EAGLE head) + its KV; 25-60 node verify tree",lossless,"MAL 4.06 (Llama-2-70B + EAGLE, MT-Bench, T=0); 7.74 with Llama-2-7B draft (50 nodes); ~10 with 500 nodes; 4.09 at T=1","3.05x (Llama-2-70B + EAGLE, MT-Bench, 4x A100-PCIE-40GB, T=0), ~3.2x GSM8K; 3.01x at T=1; Llama-2-7B + EAGLE 2.56x (RTX 4090)","Llama-2-7B: 1.69x (68M), 2.56x (EAGLE); Llama-2-13B 1.80x (68M, L20); Llama-2-70B 1.85x (7B draft), 3.05x (EAGLE); Vicuna-33B 2.24x (EAGLE)","MT-Bench, GSM8K",https://github.com/Jikai0Wang/OPT-Tree,F
5b,EAGLE-2,2406.16858,2024,EMNLP 2024,"Context-aware dynamic draft tree, expanded and reranked by drafter confidence","confidence approximates acceptance, so tree budget goes to likely paths per context",requires a well-calibrated drafter (stated); per-step dynamic tree shapes clash with CUDA graphs/static compilation; EAGLE head retrained per target,"EAGLE head ~0.24B for Vicuna-7B (per Hu et al.) + its KV; draft tree 60 tokens (7B/8B), 50 (13B), 48 (70B) verified per step",lossless,"tau 4.98 (Vicuna-7B, MT-bench, T=0); 4.83 Vicuna-13B; 4.28 Vicuna-7B at T=1; up to 5.52 (LLaMA2-Chat-13B, HumanEval, T=0)","3.62x Vicuna-7B, 4.26x Vicuna-13B (MT-bench, T=0); 3.05x Vicuna-7B at T=1; up to 5.00x LLaMA2-Chat-13B HumanEval; hardware not stated in extract","Vicuna-7B 3.62x/tau 4.98; LLaMA2-Chat-7B 3.43x/4.70; LLaMA2-Chat-13B 4.21x/4.75; LLaMA2-Chat-70B 3.51x/4.48; LLaMA3-8B 3.46x/4.53; LLaMA3-70B 3.29x/4.16 (MT-bench, T=0)","MT-Bench, HumanEval, GSM8K, Alpaca, CNN/DM, Natural Questions",https://github.com/SafeAILab/EAGLE,F
5b,DeFT,2404.00242,2024,ICLR 2025,IO-aware tree attention: KV-guided grouping and flattened tree KV splitting,"shared-prefix KV loaded once per tree, 73-99% less KV IO",pays off only with large token trees or long shared prefixes (stated); gain small where attention is a minor share of latency (~30% in multi-step reasoning: 1.03-1.10x); requires a custom Triton attention kernel in the engine,none extra (kernel metadata only; paged and unpaged KV supported),lossless (exact attention),n/a (attention kernel),"SD trees 32/64/128/256 nodes: 1.43x/1.70x/2.22x/2.52x e2e vs Radix Attention, 3.82x attention (Llama3-8B, A100-80GB, v2); latest abstract: up to 2.23x e2e / 3.59x attention","Llama3-8B: SD workload 1.43-2.52x e2e vs Radix Attention (A100-80GB, v2); few-shot 1.24-1.33x","few-shot prompting (4k prompt), multi-step reasoning (sorting, doc merging, keyword counting, set intersection), speculative decoding token trees",https://github.com/LINs-lab/DeFT,X
5b,Yggdrasil,2512.23858,2025,not found (OpenReview forum exists),Latency-aware tree objective from hardware profiles; equal-growth static-shape tree; stage scheduling,"static operator shapes let compilers/CUDA graphs run dynamic speculation; optimizes real latency, not acceptance length","profiled cost model ties the tree to one GPU and one request; assumes the request owns the GPU, so not for batched serving (stated); equal-growth rule restricts tree shapes",not reported; Llama-68M/160M drafter + KV and verify tree (est.),lossless,not reported numerically (AAL in figures),"up to 3.98x (A100-80GB), 2.76x (A40) vs SpecInfer baseline; 1.49x over Sequoia; bs1 (single request), T=0; PyTorch TorchInductor + CUDA Graphs",Llama-2-7B + Llama-68M and Llama-2-13B + Llama-160M: up to 3.98x (A100),"C4, Wikipedia, CNN/DM",none found,F
5c,PEARL,2408.11850,2024,ICLR 2025,Pre-verify and post-verify: drafter and target run in parallel with adaptive draft length,"hides drafting latency behind verification, so drafter can be larger","needs drafter on separate GPU(s) or they contend for one GPU (stated); post-verify drafts are wasted on rejection, so draft and target run +29-42% more forward passes than SD","full separate drafter (e.g. 7B for 70B) + its KV on its own GPU (draft 1 GPU, 70B target 3 GPUs)",lossless,"MAT (PEARL's definition) 26.53 vs 8.32 SD (CodeLlama 7B/70B, HumanEval); 27.95 (7B/34B); 39.90 vs 5.69 (DeepSeek 6.7B/33B)","4.43x vs AR, 1.46x vs SD (CodeLlama 7B->70B, HumanEval, A100-SXM4-80G, bs1, bf16)","Llama2 7B/70B: 3.29x HumanEval, 3.82x GSM8K, 2.64x MT-Bench avg; Llama3.1 8B/70B: 3.87x HumanEval","HumanEval, GSM8K, MGSM, MT-Bench",https://github.com/smart-lty/ParallelSpeculativeDecoding,F
5c,Speculative Speculative Decoding (SSD),2603.03251,2026,arXiv 2026 (v3 May 2026; earlier ICLR 2026 note not confirmed),Drafter predicts verification outcomes and pre-builds next speculation for each; fallback to SD on miss,"on a cache hit the next draft is ready, removing drafting latency from the critical path",needs a dedicated draft GPU; speculations for missed outcomes are wasted compute; cache misses rise with batch size (at bs16 a fast backup speculator beats the neural one),"1B drafter on separate H100 + speculation cache O(BFK(K+1)(V+1)) bits, 'hundreds of MB' (stated)",lossless,"not reported as tau (cache hit rate ~80-90% at fan-out 128, T=0)","4.68x avg vs AR, 1.58x vs SD (Llama-3.1-70B on 4x H100 + 1B draft on 1x H100, bs1, T=0): 255.8 vs 161.8 SD vs 54.7 AR tok/s; Qwen3-32B 2.29x","Llama-3.1-70B + Llama-3.2-1B: 5.17x HumanEval, 5.50x GSM8K, 4.10x Alpaca, 3.93x UltraFeedback, 4.68x avg vs AR","HumanEval, Alpaca, GSM8K, UltraFeedback",https://github.com/tanishqkumar/ssd,F
5c,Polybasic SD,2510.26527,2025,ICML 2025,"Chain of >2 models (target, 4-bit copy of target, EAGLE-2 drafter) with optimal-time theorem",cheap intermediate verifier filters drafts so the target verifies long accepted runs,"3 models resident with 3 KV caches whose footprint grows with length, lowering gains on summarization/RAG (stated); conditions for >3 models hard to meet with off-the-shelf models (stated)",not reported; full 4-bit (group 128) copy of target + EAGLE-2 head + their KV (est.),lossless,"9.88 (Vicuna-7B), 9.84 (LLaMA2-7B), 9.44 (LLaMA3-8B), 9.32 (Qwen2-7B) tokens per target pass, Spec-Bench overall; 7.48 LLaMA2-70B; T not stated",3.48x Vicuna-7B overall (up to 4.43x Math); 3.66x LLaMA2-7B; A800-80G; T not stated,LLaMA2-7B 3.31-4.10x (3.66x overall); LLaMA3-8B 2.71-3.87x (3.31x); Vicuna-7B 3.48x; Vicuna-13B 2.69x; LLaMA2-70B 2.92x,"Spec-Bench (MT, translation, summarization, QA, math, RAG)","release promised, not found",F
5c,Batch SD Done Right (Correctness Forensics),2510.22876,2025,EMNLP Findings 2026 (per README),Fixes ragged-tensor desync in batch SD (EqSpec); regroups same-length sequences across batches (ExSpec),"keeps position IDs, masks and KV in sync when sequences accept different counts","unpad-realign-repad overhead grows superlinearly (39.4% of compute at bs8, 46.7% at bs16); beyond bs8 cross-batch grouping fails more often and falls back to realignment; static batching only",drafter (68M or 0.6B) + its KV; padding overhead not reported,90-97% exact output match vs AR at greedy (95-98% partial match); residual attributed to FP nondeterminism,not reported,"EqSpec 2.4-2.6x at bs4, ExSpec 2.8-3.0x at bs8 throughput vs bs1 (A100-80GB, greedy, 5 draft tokens, HF Transformers 4.51.3)","Vicuna-7B/68M: 2.6x (EqSpec, bs4), 2.8x (ExSpec, bs8) vs bs1; baselines BSP 0.2-3.5%, DSD ~0% exact match","SpecBench, Multi30k",https://github.com/eBay/spec_dec,F
5c,MagicDec,2408.11049,2024,ICLR 2025,"Long-context large-batch decode is KV-bound, so sparse-KV self-spec (StreamingLLM/SnapKV) or small drafts help","draft cost uses a fixed small KV budget while target KV load dominates, so SD speeds up even at high throughput",only helps once context is long enough for KV to dominate; tighter draft KV budget lowers acceptance; standalone drafter adds weights and full KV,"self-spec: draft KV budget 256-512 (StreamingLLM) or ~2K (SnapKV) tokens/seq, no extra weights; standalone drafter can take 38-140% of target memory (stated)",lossless,expected tokens/step 2.53-5.61 across configs (latest version); SnapKV drafts accept far more than StreamingLLM,"up to 2.51x LLaMA-3.1-8B (SnapKV self-spec, 100K ctx, bs41, 8x H100, greedy); 1.2-1.7x StreamingLLM self-spec at bs32-128, 8K-32K ctx (A100/H100/L40)","LLaMA-3.1-8B up to 2.51x (SnapKV); LLaMA-2-7B-32K 1.27-1.69x (8x A100, v1), 1.68x bs64 8K ctx","PG-19, RULER (QA-1, CWE, needle-in-haystack)",https://github.com/Infini-AI-Lab/MagicDec,F
5c,SpecServe (later AdaSpec),2503.05096,2025,arXiv (retitled AdaSpec in later version),"On vLLM: load/SLO-adaptive draft length, confidence-prior verifier, SLO-aware efficiency estimator","speculation length shrinks under load and grows when idle, so SD does not hurt SLOs",adaptive length relies on noisy pre-verification acceptance estimates; per-step estimator/scheduler overhead,drafter 68M / 160M / 1B + KV,"lossless (acceptance still by target distribution, stated)",not reported,"1.1-1.8x vs AR across 15 setups (1x L40, 1/2/4/8x A800, vLLM); 10-61% over other methods' speedup; abstract 1.14-14.3x is vs other speculative systems, not AR","Llama-3.1-70B + Llama-3.2-1B on 8x A800; Vicuna-7B/68M (L40, A800), Vicuna-33B/160M (2-4x A800); per-model numbers in figures","Azure LLM inference traces (code, conversation), Mooncake trace (v1); BurstGPT in v2",https://github.com/cerebellumking/AdaSpec (per v2),F
5c,Interpretable Latency Model (MIT/Red Hat),2605.15051,2026,arXiv,"L = C1/(1 - RPS*C2), with SD costs split into prefill, draft, verify given acceptance and draft length",explains from first principles why SD speedup shrinks as server load rises,"acceptance is an exogenous constant per token (independent of earlier rejections), so tree or verifier choices cannot be modeled; models mean latency only, valid before saturation",none (analysis),n/a (analysis; acceptance forced by overriding rejection sampler),"acceptance set to 50-100%, draft length 1-10 (synthetic)","no new speedup; SD speedup erodes with load when C2 ratio >1, faster for longer drafts (vLLM 0.13.0, 1x A100; 4x A100 for 70B)","Llama-3.1-8B (1x A100) and 70B (4x A100) verifiers with EAGLE-3-style drafter, Llama-3.1-8B drafter for 70B; no speedup numbers; also Qwen3 8B-235B, gpt-oss-20b",synthetic prompts from Pride and Prejudice; prefill/decode 256-1024; GuideLLM load sweep,none found,F
